api_name,pokemon_ja,move_ja,move_en
フシギバナ,フシギバナ,第一,第一
フシギバナ,フシギバナ,第五,第五
フシギバナ,フシギバナ,第九,第九
フシギバナ,フシギバナ,メガシンカ,メガシンカ
フシギバナ,フシギバナ,フシギバナ,フシギバナ
フシギバナ,フシギバナ,メガフシギバナ,メガフシギバナ
フシギバナ,フシギバナ,葉緑素特殊草,葉緑素特殊草
フシギバナ,フシギバナ,スコヴィラン,スコヴィラン
フシギバナ,フシギバナ,ばつぐん,ばつぐん
フシギバナ,フシギバナ,いまひとつ,いまひとつ
フシギバナ,フシギバナ,こうかなし,こうかなし
フシギバナ,フシギバナ,配分,配分
フシギバナ,フシギバナ,CS準速,CS準速
フシギバナ,フシギバナ,HC振り,HC振り
フシギバナ,フシギバナ,HB耐久,HB耐久
フシギバナ,フシギバナ,HD耐久,HD耐久
フシギバナ,フシギバナ,能力ポイント,能力ポイント
フシギバナ,フシギバナ,S補正有,S補正有
フシギバナ,フシギバナ,最速,最速
フシギバナ,フシギバナ,S20,S20
フシギバナ,フシギバナ,S16,S16
フシギバナ,フシギバナ,特殊技,特殊技
フシギバナ,フシギバナ,リーフストーム,Leaf storm
フシギバナ,フシギバナ,エナジーボール,Energy ball
フシギバナ,フシギバナ,ギガドレイン,Giga drain
フシギバナ,フシギバナ,ソーラービーム,Solar beam
フシギバナ,フシギバナ,ヘドロウェーブ,Sludge wave
フシギバナ,フシギバナ,ヘドロばくだん,Sludge bomb
フシギバナ,フシギバナ,アシッドボム,Acid spray
フシギバナ,フシギバナ,だいちのちから,Earth power
フシギバナ,フシギバナ,ウェザーボール,Weather ball
フシギバナ,フシギバナ,変化技,変化技
フシギバナ,フシギバナ,こうごうせい,Synthesis
フシギバナ,フシギバナ,やどりぎのタネ,Leech seed
フシギバナ,フシギバナ,ねむりごな,Sleep powder
フシギバナ,フシギバナ,どくどく,Toxic
フシギバナ,フシギバナ,せいちょう,Growth
フシギバナ,フシギバナ,あまえる,Charm
フシギバナ,フシギバナ,ドわすれ,Amnesia
フシギバナ,フシギバナ,ひかりのかべ,Light screen
フシギバナ,フシギバナ,にほんばれ,Sunny day
フシギバナ,フシギバナ,グラスフィールド,Grassy terrain
フシギバナ,フシギバナ,ほえる,Roar
フシギバナ,フシギバナ,まもる,Protect
フシギバナ,フシギバナ,ハードプラント,Frenzy plant
フシギバナ,フシギバナ,ベノムショック,Venoshock
フシギバナ,フシギバナ,物理技,物理技
フシギバナ,フシギバナ,パワーウィップ,Power whip
フシギバナ,フシギバナ,はなふぶき,Petal blizzard
フシギバナ,フシギバナ,タネばくだん,Seed bomb
フシギバナ,フシギバナ,タネマシンガン,Bullet seed
フシギバナ,フシギバナ,どくづき,Poison jab
フシギバナ,フシギバナ,じしん,Earthquake
フシギバナ,フシギバナ,はたきおとす,Knock off
フシギバナ,フシギバナ,げきりん,Outrage
フシギバナ,フシギバナ,つるぎのまい,Swords dance
フシギバナ,フシギバナ,のろい,Curse
フシギバナ,フシギバナ,こらえる,Endure
メガフシギバナ,メガフシギバナ,第一,第一
メガフシギバナ,メガフシギバナ,第五,第五
メガフシギバナ,メガフシギバナ,第九,第九
メガフシギバナ,メガフシギバナ,メガシンカ,メガシンカ
メガフシギバナ,メガフシギバナ,フシギバナ,フシギバナ
メガフシギバナ,メガフシギバナ,メガフシギバナ,メガフシギバナ
メガフシギバナ,メガフシギバナ,葉緑素特殊草,葉緑素特殊草
メガフシギバナ,メガフシギバナ,スコヴィラン,スコヴィラン
メガフシギバナ,メガフシギバナ,ばつぐん,ばつぐん
メガフシギバナ,メガフシギバナ,いまひとつ,いまひとつ
メガフシギバナ,メガフシギバナ,こうかなし,こうかなし
メガフシギバナ,メガフシギバナ,配分,配分
メガフシギバナ,メガフシギバナ,CS準速,CS準速
メガフシギバナ,メガフシギバナ,HC振り,HC振り
メガフシギバナ,メガフシギバナ,HB耐久,HB耐久
メガフシギバナ,メガフシギバナ,HD耐久,HD耐久
メガフシギバナ,メガフシギバナ,能力ポイント,能力ポイント
メガフシギバナ,メガフシギバナ,S補正有,S補正有
メガフシギバナ,メガフシギバナ,最速,最速
メガフシギバナ,メガフシギバナ,S20,S20
メガフシギバナ,メガフシギバナ,S16,S16
メガフシギバナ,メガフシギバナ,特殊技,特殊技
メガフシギバナ,メガフシギバナ,リーフストーム,Leaf storm
メガフシギバナ,メガフシギバナ,エナジーボール,Energy ball
メガフシギバナ,メガフシギバナ,ギガドレイン,Giga drain
メガフシギバナ,メガフシギバナ,ソーラービーム,Solar beam
メガフシギバナ,メガフシギバナ,ヘドロウェーブ,Sludge wave
メガフシギバナ,メガフシギバナ,ヘドロばくだん,Sludge bomb
メガフシギバナ,メガフシギバナ,アシッドボム,Acid spray
メガフシギバナ,メガフシギバナ,だいちのちから,Earth power
メガフシギバナ,メガフシギバナ,ウェザーボール,Weather ball
メガフシギバナ,メガフシギバナ,変化技,変化技
メガフシギバナ,メガフシギバナ,こうごうせい,Synthesis
メガフシギバナ,メガフシギバナ,やどりぎのタネ,Leech seed
メガフシギバナ,メガフシギバナ,ねむりごな,Sleep powder
メガフシギバナ,メガフシギバナ,どくどく,Toxic
メガフシギバナ,メガフシギバナ,せいちょう,Growth
メガフシギバナ,メガフシギバナ,あまえる,Charm
メガフシギバナ,メガフシギバナ,ドわすれ,Amnesia
メガフシギバナ,メガフシギバナ,ひかりのかべ,Light screen
メガフシギバナ,メガフシギバナ,にほんばれ,Sunny day
メガフシギバナ,メガフシギバナ,グラスフィールド,Grassy terrain
メガフシギバナ,メガフシギバナ,ほえる,Roar
メガフシギバナ,メガフシギバナ,まもる,Protect
メガフシギバナ,メガフシギバナ,ハードプラント,Frenzy plant
メガフシギバナ,メガフシギバナ,ベノムショック,Venoshock
メガフシギバナ,メガフシギバナ,物理技,物理技
メガフシギバナ,メガフシギバナ,パワーウィップ,Power whip
メガフシギバナ,メガフシギバナ,はなふぶき,Petal blizzard
メガフシギバナ,メガフシギバナ,タネばくだん,Seed bomb
メガフシギバナ,メガフシギバナ,タネマシンガン,Bullet seed
メガフシギバナ,メガフシギバナ,どくづき,Poison jab
メガフシギバナ,メガフシギバナ,じしん,Earthquake
メガフシギバナ,メガフシギバナ,はたきおとす,Knock off
メガフシギバナ,メガフシギバナ,げきりん,Outrage
メガフシギバナ,メガフシギバナ,つるぎのまい,Swords dance
メガフシギバナ,メガフシギバナ,のろい,Curse
メガフシギバナ,メガフシギバナ,こらえる,Endure
リザードン,リザードン,第一,第一
リザードン,リザードン,第五,第五
リザードン,リザードン,第九,第九
リザードン,リザードン,リザードン,リザードン
リザードン,リザードン,メガリザードンX,メガリザードンX
リザードン,リザードン,メガリザードンY,メガリザードンY
リザードン,リザードン,炎/飛,炎/飛
リザードン,リザードン,ファイアロー,ファイアロー
リザードン,リザードン,通常/Y,通常/Y
リザードン,リザードン,ばつぐん,ばつぐん
リザードン,リザードン,いまひとつ,いまひとつ
リザードン,リザードン,こうかなし,こうかなし
リザードン,リザードン,配分,配分
リザードン,リザードン,CS振り,CS振り
リザードン,リザードン,AS振り,AS振り
リザードン,リザードン,HB振り,HB振り
リザードン,リザードン,特殊技,特殊技
リザードン,リザードン,かえんほうしゃ,Flamethrower
リザードン,リザードン,だいもんじ,Fire blast
リザードン,リザードン,オーバーヒート,Overheat
リザードン,リザードン,ねっぷう,Heat wave
リザードン,リザードン,エアスラッシュ,Air slash
リザードン,リザードン,ウェザーボール,Weather ball
リザードン,リザードン,ソーラービーム,Solar beam
リザードン,リザードン,きあいだま,Focus blast
リザードン,リザードン,ねっさのだいち,Scorching sands
リザードン,リザードン,りゅうのはどう,Dragon pulse
リザードン,リザードン,物理技,物理技
リザードン,リザードン,フレアドライブ,Flare blitz
リザードン,リザードン,ニトロチャージ,Flame charge
リザードン,リザードン,げきりん,Outrage
リザードン,リザードン,ドラゴンダイブ,Dragon rush
リザードン,リザードン,ドラゴンクロー,Dragon claw
リザードン,リザードン,スケイルショット,Scale shot
リザードン,リザードン,ワイドブレイカー,Breaking swipe
リザードン,リザードン,かみなりパンチ,Thunder punch
リザードン,リザードン,かわらわり,Brick break
リザードン,リザードン,じしん,Earthquake
リザードン,リザードン,いわなだれ,Rock slide
リザードン,リザードン,アイアンテール,Iron tail
リザードン,リザードン,変化技,変化技
リザードン,リザードン,りゅうのまい,Dragon dance
リザードン,リザードン,つるぎのまい,Swords dance
リザードン,リザードン,みがわり,Substitute
リザードン,リザードン,おにび,Will-o-wisp
リザードン,リザードン,にほんばれ,Sunny day
リザードン,リザードン,はねやすめ,Roost
リザードン,リザードン,ブラストバーン,Blast burn
リザードン,リザードン,ぼうふう,Hurricane
リザードン,リザードン,げんしのちから,Ancient power
リザードン,リザードン,やけっぱち,やけっぱち
リザードン,リザードン,アクロバット,Acrobatics
リザードン,リザードン,はらだいこ,Belly drum
リザードン,リザードン,ドラゴンエール,ドラゴンエール
メガリザードンx,メガリザードンX,第一,第一
メガリザードンx,メガリザードンX,第五,第五
メガリザードンx,メガリザードンX,第九,第九
メガリザードンx,メガリザードンX,リザードン,リザードン
メガリザードンx,メガリザードンX,メガリザードンX,メガリザードンX
メガリザードンx,メガリザードンX,メガリザードンY,メガリザードンY
メガリザードンx,メガリザードンX,炎/飛,炎/飛
メガリザードンx,メガリザードンX,ファイアロー,ファイアロー
メガリザードンx,メガリザードンX,通常/Y,通常/Y
メガリザードンx,メガリザードンX,ばつぐん,ばつぐん
メガリザードンx,メガリザードンX,いまひとつ,いまひとつ
メガリザードンx,メガリザードンX,こうかなし,こうかなし
メガリザードンx,メガリザードンX,配分,配分
メガリザードンx,メガリザードンX,CS振り,CS振り
メガリザードンx,メガリザードンX,AS振り,AS振り
メガリザードンx,メガリザードンX,HB振り,HB振り
メガリザードンx,メガリザードンX,特殊技,特殊技
メガリザードンx,メガリザードンX,かえんほうしゃ,Flamethrower
メガリザードンx,メガリザードンX,だいもんじ,Fire blast
メガリザードンx,メガリザードンX,オーバーヒート,Overheat
メガリザードンx,メガリザードンX,ねっぷう,Heat wave
メガリザードンx,メガリザードンX,エアスラッシュ,Air slash
メガリザードンx,メガリザードンX,ウェザーボール,Weather ball
メガリザードンx,メガリザードンX,ソーラービーム,Solar beam
メガリザードンx,メガリザードンX,きあいだま,Focus blast
メガリザードンx,メガリザードンX,ねっさのだいち,Scorching sands
メガリザードンx,メガリザードンX,りゅうのはどう,Dragon pulse
メガリザードンx,メガリザードンX,物理技,物理技
メガリザードンx,メガリザードンX,フレアドライブ,Flare blitz
メガリザードンx,メガリザードンX,ニトロチャージ,Flame charge
メガリザードンx,メガリザードンX,げきりん,Outrage
メガリザードンx,メガリザードンX,ドラゴンダイブ,Dragon rush
メガリザードンx,メガリザードンX,ドラゴンクロー,Dragon claw
メガリザードンx,メガリザードンX,スケイルショット,Scale shot
メガリザードンx,メガリザードンX,ワイドブレイカー,Breaking swipe
メガリザードンx,メガリザードンX,かみなりパンチ,Thunder punch
メガリザードンx,メガリザードンX,かわらわり,Brick break
メガリザードンx,メガリザードンX,じしん,Earthquake
メガリザードンx,メガリザードンX,いわなだれ,Rock slide
メガリザードンx,メガリザードンX,アイアンテール,Iron tail
メガリザードンx,メガリザードンX,変化技,変化技
メガリザードンx,メガリザードンX,りゅうのまい,Dragon dance
メガリザードンx,メガリザードンX,つるぎのまい,Swords dance
メガリザードンx,メガリザードンX,みがわり,Substitute
メガリザードンx,メガリザードンX,おにび,Will-o-wisp
メガリザードンx,メガリザードンX,にほんばれ,Sunny day
メガリザードンx,メガリザードンX,はねやすめ,Roost
メガリザードンx,メガリザードンX,ブラストバーン,Blast burn
メガリザードンx,メガリザードンX,ぼうふう,Hurricane
メガリザードンx,メガリザードンX,げんしのちから,Ancient power
メガリザードンx,メガリザードンX,やけっぱち,やけっぱち
メガリザードンx,メガリザードンX,アクロバット,Acrobatics
メガリザードンx,メガリザードンX,はらだいこ,Belly drum
メガリザードンx,メガリザードンX,ドラゴンエール,ドラゴンエール
メガリザードンy,メガリザードンY,第一,第一
メガリザードンy,メガリザードンY,第五,第五
メガリザードンy,メガリザードンY,第九,第九
メガリザードンy,メガリザードンY,リザードン,リザードン
メガリザードンy,メガリザードンY,メガリザードンX,メガリザードンX
メガリザードンy,メガリザードンY,メガリザードンY,メガリザードンY
メガリザードンy,メガリザードンY,炎/飛,炎/飛
メガリザードンy,メガリザードンY,ファイアロー,ファイアロー
メガリザードンy,メガリザードンY,通常/Y,通常/Y
メガリザードンy,メガリザードンY,ばつぐん,ばつぐん
メガリザードンy,メガリザードンY,いまひとつ,いまひとつ
メガリザードンy,メガリザードンY,こうかなし,こうかなし
メガリザードンy,メガリザードンY,配分,配分
メガリザードンy,メガリザードンY,CS振り,CS振り
メガリザードンy,メガリザードンY,AS振り,AS振り
メガリザードンy,メガリザードンY,HB振り,HB振り
メガリザードンy,メガリザードンY,特殊技,特殊技
メガリザードンy,メガリザードンY,かえんほうしゃ,Flamethrower
メガリザードンy,メガリザードンY,だいもんじ,Fire blast
メガリザードンy,メガリザードンY,オーバーヒート,Overheat
メガリザードンy,メガリザードンY,ねっぷう,Heat wave
メガリザードンy,メガリザードンY,エアスラッシュ,Air slash
メガリザードンy,メガリザードンY,ウェザーボール,Weather ball
メガリザードンy,メガリザードンY,ソーラービーム,Solar beam
メガリザードンy,メガリザードンY,きあいだま,Focus blast
メガリザードンy,メガリザードンY,ねっさのだいち,Scorching sands
メガリザードンy,メガリザードンY,りゅうのはどう,Dragon pulse
メガリザードンy,メガリザードンY,物理技,物理技
メガリザードンy,メガリザードンY,フレアドライブ,Flare blitz
メガリザードンy,メガリザードンY,ニトロチャージ,Flame charge
メガリザードンy,メガリザードンY,げきりん,Outrage
メガリザードンy,メガリザードンY,ドラゴンダイブ,Dragon rush
メガリザードンy,メガリザードンY,ドラゴンクロー,Dragon claw
メガリザードンy,メガリザードンY,スケイルショット,Scale shot
メガリザードンy,メガリザードンY,ワイドブレイカー,Breaking swipe
メガリザードンy,メガリザードンY,かみなりパンチ,Thunder punch
メガリザードンy,メガリザードンY,かわらわり,Brick break
メガリザードンy,メガリザードンY,じしん,Earthquake
メガリザードンy,メガリザードンY,いわなだれ,Rock slide
メガリザードンy,メガリザードンY,アイアンテール,Iron tail
メガリザードンy,メガリザードンY,変化技,変化技
メガリザードンy,メガリザードンY,りゅうのまい,Dragon dance
メガリザードンy,メガリザードンY,つるぎのまい,Swords dance
メガリザードンy,メガリザードンY,みがわり,Substitute
メガリザードンy,メガリザードンY,おにび,Will-o-wisp
メガリザードンy,メガリザードンY,にほんばれ,Sunny day
メガリザードンy,メガリザードンY,はねやすめ,Roost
メガリザードンy,メガリザードンY,ブラストバーン,Blast burn
メガリザードンy,メガリザードンY,ぼうふう,Hurricane
メガリザードンy,メガリザードンY,げんしのちから,Ancient power
メガリザードンy,メガリザードンY,やけっぱち,やけっぱち
メガリザードンy,メガリザードンY,アクロバット,Acrobatics
メガリザードンy,メガリザードンY,はらだいこ,Belly drum
メガリザードンy,メガリザードンY,ドラゴンエール,ドラゴンエール
カメックス,カメックス,第一,第一
カメックス,カメックス,第五,第五
カメックス,カメックス,第九,第九
カメックス,カメックス,からやぶ水,からやぶ水
カメックス,カメックス,カメックス,カメックス
カメックス,カメックス,メガカメックス,メガカメックス
カメックス,カメックス,ばつぐん,ばつぐん
カメックス,カメックス,いまひとつ,いまひとつ
カメックス,カメックス,こうかなし,こうかなし
カメックス,カメックス,配分,配分
カメックス,カメックス,CS準速,CS準速
カメックス,カメックス,HB耐久,HB耐久
カメックス,カメックス,特殊技,特殊技
カメックス,カメックス,ハイドロポンプ,Hydro pump
カメックス,カメックス,だくりゅう,Muddy water
カメックス,カメックス,みずのはどう,Water pulse
カメックス,カメックス,しおふき,Water spout
カメックス,カメックス,れいとうビーム,Ice beam
カメックス,カメックス,ふぶき,Blizzard
カメックス,カメックス,こごえるかぜ,Icy wind
カメックス,カメックス,はどうだん,Aura sphere
カメックス,カメックス,あくのはどう,Dark pulse
カメックス,カメックス,りゅうのはどう,Dragon pulse
カメックス,カメックス,物理技,物理技
カメックス,カメックス,アクアジェット,Aqua jet
カメックス,カメックス,ねこだまし,Fake out
カメックス,カメックス,変化技,変化技
カメックス,カメックス,あくび,Yawn
カメックス,カメックス,からをやぶる,Shell smash
カメックス,カメックス,みがわり,Substitute
カメックス,カメックス,いのちのしずく,Life dew
カメックス,カメックス,なみのり,Surf
カメックス,カメックス,ハイドロカノン,Hydro cannon
カメックス,カメックス,ひやみず,Chilling water
カメックス,カメックス,ラスターカノン,Flash cannon
カメックス,カメックス,きあいだま,Focus blast
カメックス,カメックス,ウェザーボール,Weather ball
カメックス,カメックス,だいちのはどう,Terrain pulse
カメックス,カメックス,ミラーコート,Mirror coat
カメックス,カメックス,ウェーブタックル,Wave crash
カメックス,カメックス,アクアブレイク,Liquidation
カメックス,カメックス,たきのぼり,Waterfall
カメックス,カメックス,クイックターン,Flip turn
カメックス,カメックス,アイススピナー,Ice spinner
カメックス,カメックス,れいとうパンチ,Ice punch
カメックス,カメックス,ゆきなだれ,Avalanche
カメックス,カメックス,いわなだれ,Rock slide
カメックス,カメックス,がんせきふうじ,Rock tomb
カメックス,カメックス,じしん,Earthquake
カメックス,カメックス,ボディプレス,Body press
カメックス,カメックス,しねんのずつき,Zen headbutt
カメックス,カメックス,かみくだく,Crunch
カメックス,カメックス,こうそくスピン,Rapid spin
カメックス,カメックス,てっぺき,Iron defense
カメックス,カメックス,くろいきり,Haze
カメックス,カメックス,しろいきり,Mist
カメックス,カメックス,ねむる,Rest
カメックス,カメックス,アクアリング,Aqua ring
カメックス,カメックス,ほえる,Roar
カメックス,カメックス,H32振ブリジュラス,H32振ブリジュラス
カメックス,カメックス,H1振ゲンガー,H1振ゲンガー
カメックス,カメックス,H32振ハッサム,H32振ハッサム
カメックス,カメックス,H32振アーマーガア,H32振アーマーガア
カメックス,カメックス,H32振ギャラドス,H32振ギャラドス
カメックス,カメックス,H32振バンギラス,H32振バンギラス
カメックス,カメックス,H32振ドリュウズ,H32振ドリュウズ
カメックス,カメックス,特化カバルドン,特化カバルドン
カメックス,カメックス,相手,相手
カメックス,カメックス,A特化カイリュー,A特化カイリュー
カメックス,カメックス,A特化ガブリアス,A特化ガブリアス
カメックス,カメックス,A特化ハッサム,A特化ハッサム
カメックス,カメックス,C32振無補正ロトム,C32振無補正ロトム
カメックス,カメックス,対象,対象
カメックス,カメックス,H振りメガヤドラン,H振りメガヤドラン
カメックス,カメックス,無振りメガガルーラ,無振りメガガルーラ
カメックス,カメックス,無振りカイリュー,無振りカイリュー
カメックス,カメックス,H振りメガハッサム,H振りメガハッサム
カメックス,カメックス,H振りエアームド,H振りエアームド
カメックス,カメックス,H振りバンギラス,H振りバンギラス
カメックス,カメックス,無振りメガバンギラス,無振りメガバンギラス
カメックス,カメックス,無振りガブリアス,無振りガブリアス
カメックス,カメックス,H振りカバルドン,H振りカバルドン
カメックス,カメックス,H振りトゲキッス,H振りトゲキッス
カメックス,カメックス,H振りヒードラン,H振りヒードラン
カメックス,カメックス,H振りクレセリア,H振りクレセリア
カメックス,カメックス,H振りエルフーン,H振りエルフーン
カメックス,カメックス,D特化ブルンゲル,D特化ブルンゲル
カメックス,カメックス,D特化ナットレイ,D特化ナットレイ
カメックス,カメックス,H振りシャンデラ,H振りシャンデラ
カメックス,カメックス,無振りサザンドラ,無振りサザンドラ
カメックス,カメックス,H振りギルガルド,H振りギルガルド
メガカメックス,メガカメックス,第一,第一
メガカメックス,メガカメックス,第五,第五
メガカメックス,メガカメックス,第九,第九
メガカメックス,メガカメックス,からやぶ水,からやぶ水
メガカメックス,メガカメックス,カメックス,カメックス
メガカメックス,メガカメックス,メガカメックス,メガカメックス
メガカメックス,メガカメックス,ばつぐん,ばつぐん
メガカメックス,メガカメックス,いまひとつ,いまひとつ
メガカメックス,メガカメックス,こうかなし,こうかなし
メガカメックス,メガカメックス,配分,配分
メガカメックス,メガカメックス,CS準速,CS準速
メガカメックス,メガカメックス,HB耐久,HB耐久
メガカメックス,メガカメックス,特殊技,特殊技
メガカメックス,メガカメックス,ハイドロポンプ,Hydro pump
メガカメックス,メガカメックス,だくりゅう,Muddy water
メガカメックス,メガカメックス,みずのはどう,Water pulse
メガカメックス,メガカメックス,しおふき,Water spout
メガカメックス,メガカメックス,れいとうビーム,Ice beam
メガカメックス,メガカメックス,ふぶき,Blizzard
メガカメックス,メガカメックス,こごえるかぜ,Icy wind
メガカメックス,メガカメックス,はどうだん,Aura sphere
メガカメックス,メガカメックス,あくのはどう,Dark pulse
メガカメックス,メガカメックス,りゅうのはどう,Dragon pulse
メガカメックス,メガカメックス,物理技,物理技
メガカメックス,メガカメックス,アクアジェット,Aqua jet
メガカメックス,メガカメックス,ねこだまし,Fake out
メガカメックス,メガカメックス,変化技,変化技
メガカメックス,メガカメックス,あくび,Yawn
メガカメックス,メガカメックス,からをやぶる,Shell smash
メガカメックス,メガカメックス,みがわり,Substitute
メガカメックス,メガカメックス,いのちのしずく,Life dew
メガカメックス,メガカメックス,なみのり,Surf
メガカメックス,メガカメックス,ハイドロカノン,Hydro cannon
メガカメックス,メガカメックス,ひやみず,Chilling water
メガカメックス,メガカメックス,ラスターカノン,Flash cannon
メガカメックス,メガカメックス,きあいだま,Focus blast
メガカメックス,メガカメックス,ウェザーボール,Weather ball
メガカメックス,メガカメックス,だいちのはどう,Terrain pulse
メガカメックス,メガカメックス,ミラーコート,Mirror coat
メガカメックス,メガカメックス,ウェーブタックル,Wave crash
メガカメックス,メガカメックス,アクアブレイク,Liquidation
メガカメックス,メガカメックス,たきのぼり,Waterfall
メガカメックス,メガカメックス,クイックターン,Flip turn
メガカメックス,メガカメックス,アイススピナー,Ice spinner
メガカメックス,メガカメックス,れいとうパンチ,Ice punch
メガカメックス,メガカメックス,ゆきなだれ,Avalanche
メガカメックス,メガカメックス,いわなだれ,Rock slide
メガカメックス,メガカメックス,がんせきふうじ,Rock tomb
メガカメックス,メガカメックス,じしん,Earthquake
メガカメックス,メガカメックス,ボディプレス,Body press
メガカメックス,メガカメックス,しねんのずつき,Zen headbutt
メガカメックス,メガカメックス,かみくだく,Crunch
メガカメックス,メガカメックス,こうそくスピン,Rapid spin
メガカメックス,メガカメックス,てっぺき,Iron defense
メガカメックス,メガカメックス,くろいきり,Haze
メガカメックス,メガカメックス,しろいきり,Mist
メガカメックス,メガカメックス,ねむる,Rest
メガカメックス,メガカメックス,アクアリング,Aqua ring
メガカメックス,メガカメックス,ほえる,Roar
メガカメックス,メガカメックス,H32振ブリジュラス,H32振ブリジュラス
メガカメックス,メガカメックス,H1振ゲンガー,H1振ゲンガー
メガカメックス,メガカメックス,H32振ハッサム,H32振ハッサム
メガカメックス,メガカメックス,H32振アーマーガア,H32振アーマーガア
メガカメックス,メガカメックス,H32振ギャラドス,H32振ギャラドス
メガカメックス,メガカメックス,H32振バンギラス,H32振バンギラス
メガカメックス,メガカメックス,H32振ドリュウズ,H32振ドリュウズ
メガカメックス,メガカメックス,特化カバルドン,特化カバルドン
メガカメックス,メガカメックス,相手,相手
メガカメックス,メガカメックス,A特化カイリュー,A特化カイリュー
メガカメックス,メガカメックス,A特化ガブリアス,A特化ガブリアス
メガカメックス,メガカメックス,A特化ハッサム,A特化ハッサム
メガカメックス,メガカメックス,C32振無補正ロトム,C32振無補正ロトム
メガカメックス,メガカメックス,対象,対象
メガカメックス,メガカメックス,H振りメガヤドラン,H振りメガヤドラン
メガカメックス,メガカメックス,無振りメガガルーラ,無振りメガガルーラ
メガカメックス,メガカメックス,無振りカイリュー,無振りカイリュー
メガカメックス,メガカメックス,H振りメガハッサム,H振りメガハッサム
メガカメックス,メガカメックス,H振りエアームド,H振りエアームド
メガカメックス,メガカメックス,H振りバンギラス,H振りバンギラス
メガカメックス,メガカメックス,無振りメガバンギラス,無振りメガバンギラス
メガカメックス,メガカメックス,無振りガブリアス,無振りガブリアス
メガカメックス,メガカメックス,H振りカバルドン,H振りカバルドン
メガカメックス,メガカメックス,H振りトゲキッス,H振りトゲキッス
メガカメックス,メガカメックス,H振りヒードラン,H振りヒードラン
メガカメックス,メガカメックス,H振りクレセリア,H振りクレセリア
メガカメックス,メガカメックス,H振りエルフーン,H振りエルフーン
メガカメックス,メガカメックス,D特化ブルンゲル,D特化ブルンゲル
メガカメックス,メガカメックス,D特化ナットレイ,D特化ナットレイ
メガカメックス,メガカメックス,H振りシャンデラ,H振りシャンデラ
メガカメックス,メガカメックス,無振りサザンドラ,無振りサザンドラ
メガカメックス,メガカメックス,H振りギルガルド,H振りギルガルド
スピアー,スピアー,第一,第一
スピアー,スピアー,第五,第五
スピアー,スピアー,第九,第九
スピアー,スピアー,能力比,能力比
スピアー,スピアー,スピアー,スピアー
スピアー,スピアー,メガスピアー,メガスピアー
スピアー,スピアー,ばつぐん,ばつぐん
スピアー,スピアー,いまひとつ,いまひとつ
スピアー,スピアー,こうかなし,こうかなし
スピアー,スピアー,配分,配分
スピアー,スピアー,AS最速,AS最速
スピアー,スピアー,AS準速,AS準速
スピアー,スピアー,物理技,物理技
スピアー,スピアー,とんぼがえり,U-turn
スピアー,スピアー,とびかかる,Lunge
スピアー,スピアー,はいよるいちげき,Skitter smack
スピアー,スピアー,ミサイルばり,Pin missile
スピアー,スピアー,とどめばり,Fell stinger
スピアー,スピアー,シザークロス,X-scissor
スピアー,スピアー,どくづき,Poison jab
スピアー,スピアー,ドリルライナー,Drill run
スピアー,スピアー,はたきおとす,Knock off
スピアー,スピアー,じごくづき,Throat chop
スピアー,スピアー,かわらわり,Brick break
スピアー,スピアー,がむしゃら,Endeavor
スピアー,スピアー,変化技,変化技
スピアー,スピアー,つるぎのまい,Swords dance
スピアー,スピアー,みがわり,Substitute
スピアー,スピアー,クロスポイズン,Cross poison
スピアー,スピアー,とびつく,Pounce
スピアー,スピアー,特殊技,特殊技
スピアー,スピアー,かふんだんご,Pollen puff
スピアー,スピアー,エレキネット,Electroweb
スピアー,スピアー,いとをはく,String shot
スピアー,スピアー,どくびし,Toxic spikes
スピアー,スピアー,にほんばれ,Sunny day
スピアー,スピアー,バトンタッチ,Baton pass
メガスピアー,メガスピアー,第一,第一
メガスピアー,メガスピアー,第五,第五
メガスピアー,メガスピアー,第九,第九
メガスピアー,メガスピアー,能力比,能力比
メガスピアー,メガスピアー,スピアー,スピアー
メガスピアー,メガスピアー,メガスピアー,メガスピアー
メガスピアー,メガスピアー,ばつぐん,ばつぐん
メガスピアー,メガスピアー,いまひとつ,いまひとつ
メガスピアー,メガスピアー,こうかなし,こうかなし
メガスピアー,メガスピアー,配分,配分
メガスピアー,メガスピアー,AS最速,AS最速
メガスピアー,メガスピアー,AS準速,AS準速
メガスピアー,メガスピアー,物理技,物理技
メガスピアー,メガスピアー,とんぼがえり,U-turn
メガスピアー,メガスピアー,とびかかる,Lunge
メガスピアー,メガスピアー,はいよるいちげき,Skitter smack
メガスピアー,メガスピアー,ミサイルばり,Pin missile
メガスピアー,メガスピアー,とどめばり,Fell stinger
メガスピアー,メガスピアー,シザークロス,X-scissor
メガスピアー,メガスピアー,どくづき,Poison jab
メガスピアー,メガスピアー,ドリルライナー,Drill run
メガスピアー,メガスピアー,はたきおとす,Knock off
メガスピアー,メガスピアー,じごくづき,Throat chop
メガスピアー,メガスピアー,かわらわり,Brick break
メガスピアー,メガスピアー,がむしゃら,Endeavor
メガスピアー,メガスピアー,変化技,変化技
メガスピアー,メガスピアー,つるぎのまい,Swords dance
メガスピアー,メガスピアー,みがわり,Substitute
メガスピアー,メガスピアー,クロスポイズン,Cross poison
メガスピアー,メガスピアー,とびつく,Pounce
メガスピアー,メガスピアー,特殊技,特殊技
メガスピアー,メガスピアー,かふんだんご,Pollen puff
メガスピアー,メガスピアー,エレキネット,Electroweb
メガスピアー,メガスピアー,いとをはく,String shot
メガスピアー,メガスピアー,どくびし,Toxic spikes
メガスピアー,メガスピアー,にほんばれ,Sunny day
メガスピアー,メガスピアー,バトンタッチ,Baton pass
ピジョット,ピジョット,第一,第一
ピジョット,ピジョット,第五,第五
ピジョット,ピジョット,第九,第九
ピジョット,ピジョット,能力比,能力比
ピジョット,ピジョット,ピジョット,ピジョット
ピジョット,ピジョット,メガピジョット,メガピジョット
ピジョット,ピジョット,特殊飛行,特殊飛行
ピジョット,ピジョット,ペリッパー,ペリッパー
ピジョット,ピジョット,ばつぐん,ばつぐん
ピジョット,ピジョット,いまひとつ,いまひとつ
ピジョット,ピジョット,こうかなし,こうかなし
ピジョット,ピジョット,配分,配分
ピジョット,ピジョット,CS最速,CS最速
ピジョット,ピジョット,CS準速,CS準速
ピジョット,ピジョット,特殊技,特殊技
ピジョット,ピジョット,ぼうふう,Hurricane
ピジョット,ピジョット,エアスラッシュ,Air slash
ピジョット,ピジョット,はかいこうせん,Hyper beam
ピジョット,ピジョット,さわぐ,Uproar
ピジョット,ピジョット,ねっぷう,Heat wave
ピジョット,ピジョット,物理技,物理技
ピジョット,ピジョット,とんぼがえり,U-turn
ピジョット,ピジョット,でんこうせっか,Quick attack
ピジョット,ピジョット,変化技,変化技
ピジョット,ピジョット,フェザーダンス,Feather dance
ピジョット,ピジョット,ふきとばし,Whirlwind
ピジョット,ピジョット,おいかぜ,Tailwind
ピジョット,ピジョット,はねやすめ,Roost
ピジョット,ピジョット,みがわり,Substitute
ピジョット,ピジョット,ブレイブバード,Brave bird
ピジョット,ピジョット,すてみタックル,Double-edge
ピジョット,ピジョット,はがねのつばさ,Steel wing
メガピジョット,メガピジョット,第一,第一
メガピジョット,メガピジョット,第五,第五
メガピジョット,メガピジョット,第九,第九
メガピジョット,メガピジョット,能力比,能力比
メガピジョット,メガピジョット,ピジョット,ピジョット
メガピジョット,メガピジョット,メガピジョット,メガピジョット
メガピジョット,メガピジョット,特殊飛行,特殊飛行
メガピジョット,メガピジョット,ペリッパー,ペリッパー
メガピジョット,メガピジョット,ばつぐん,ばつぐん
メガピジョット,メガピジョット,いまひとつ,いまひとつ
メガピジョット,メガピジョット,こうかなし,こうかなし
メガピジョット,メガピジョット,配分,配分
メガピジョット,メガピジョット,CS最速,CS最速
メガピジョット,メガピジョット,CS準速,CS準速
メガピジョット,メガピジョット,特殊技,特殊技
メガピジョット,メガピジョット,ぼうふう,Hurricane
メガピジョット,メガピジョット,エアスラッシュ,Air slash
メガピジョット,メガピジョット,はかいこうせん,Hyper beam
メガピジョット,メガピジョット,さわぐ,Uproar
メガピジョット,メガピジョット,ねっぷう,Heat wave
メガピジョット,メガピジョット,物理技,物理技
メガピジョット,メガピジョット,とんぼがえり,U-turn
メガピジョット,メガピジョット,でんこうせっか,Quick attack
メガピジョット,メガピジョット,変化技,変化技
メガピジョット,メガピジョット,フェザーダンス,Feather dance
メガピジョット,メガピジョット,ふきとばし,Whirlwind
メガピジョット,メガピジョット,おいかぜ,Tailwind
メガピジョット,メガピジョット,はねやすめ,Roost
メガピジョット,メガピジョット,みがわり,Substitute
メガピジョット,メガピジョット,ブレイブバード,Brave bird
メガピジョット,メガピジョット,すてみタックル,Double-edge
メガピジョット,メガピジョット,はがねのつばさ,Steel wing
アーボック,アーボック,第一,第一
アーボック,アーボック,第五,第五
アーボック,アーボック,第九,第九
アーボック,アーボック,いかく毒,いかく毒
アーボック,アーボック,アーボック,アーボック
アーボック,アーボック,ハリーセン,ハリーセン
アーボック,アーボック,Hハリーセン,Hハリーセン
アーボック,アーボック,ハリーマン,ハリーマン
アーボック,アーボック,へびにらみ毒,へびにらみ毒
アーボック,アーボック,ハブネーク,ハブネーク
アーボック,アーボック,ばつぐん,ばつぐん
アーボック,アーボック,いまひとつ,いまひとつ
アーボック,アーボック,こうかなし,こうかなし
アーボック,アーボック,配分,配分
アーボック,アーボック,耐久調整,耐久調整
アーボック,アーボック,物理技,物理技
アーボック,アーボック,ダストシュート,Gunk shot
アーボック,アーボック,どくづき,Poison jab
アーボック,アーボック,じしん,Earthquake
アーボック,アーボック,じだんだ,Stomping tantrum
アーボック,アーボック,はたきおとす,Knock off
アーボック,アーボック,かみくだく,Crunch
アーボック,アーボック,じごくづき,Throat chop
アーボック,アーボック,タネばくだん,Seed bomb
アーボック,アーボック,いわなだれ,Rock slide
アーボック,アーボック,がんせきふうじ,Rock tomb
アーボック,アーボック,ほのおのキバ,Fire fang
アーボック,アーボック,こおりのキバ,Ice fang
アーボック,アーボック,かみなりのキバ,Thunder fang
アーボック,アーボック,ドラゴンテール,Dragon tail
アーボック,アーボック,ワイドブレイカー,Breaking swipe
アーボック,アーボック,サイコファング,Psychic fangs
アーボック,アーボック,きゅうけつ,Leech life
アーボック,アーボック,ふいうち,Sucker punch
アーボック,アーボック,変化技,変化技
アーボック,アーボック,へびにらみ,Glare
アーボック,アーボック,どくどく,Toxic
アーボック,アーボック,どくびし,Toxic spikes
アーボック,アーボック,すりかえ,Switcheroo
アーボック,アーボック,みがわり,Substitute
アーボック,アーボック,たくわえる,Stockpile
アーボック,アーボック,とぐろをまく,Coil
アーボック,アーボック,ねむる,Rest
アーボック,アーボック,いたみわけ,Pain split
アーボック,アーボック,くろいきり,Haze
ピカチュウ,ピカチュウ,第一,第一
ピカチュウ,ピカチュウ,第五,第五
ピカチュウ,ピカチュウ,第九,第九
ピカチュウ,ピカチュウ,能力比,能力比
ピカチュウ,ピカチュウ,ピカチュウ,ピカチュウ
ピカチュウ,ピカチュウ,ライチュウ,ライチュウ
ピカチュウ,ピカチュウ,Aライチュウ,Aライチュウ
ピカチュウ,ピカチュウ,ばつぐん,ばつぐん
ピカチュウ,ピカチュウ,いまひとつ,いまひとつ
ピカチュウ,ピカチュウ,こうかなし,こうかなし
ピカチュウ,ピカチュウ,配分,配分
ピカチュウ,ピカチュウ,AS最速,AS最速
ピカチュウ,ピカチュウ,CS最速,CS最速
ピカチュウ,ピカチュウ,物理技,物理技
ピカチュウ,ピカチュウ,ボルテッカー,Volt tackle
ピカチュウ,ピカチュウ,ほっぺすりすり,Nuzzle
ピカチュウ,ピカチュウ,アイアンテール,Iron tail
ピカチュウ,ピカチュウ,じゃれつく,Play rough
ピカチュウ,ピカチュウ,かわらわり,Brick break
ピカチュウ,ピカチュウ,はたきおとす,Knock off
ピカチュウ,ピカチュウ,くさわけ,Trailblaze
ピカチュウ,ピカチュウ,でんこうせっか,Quick attack
ピカチュウ,ピカチュウ,ねこだまし,Fake out
ピカチュウ,ピカチュウ,フェイント,Feint
ピカチュウ,ピカチュウ,はやてがえし,はやてがえし
ピカチュウ,ピカチュウ,特殊技,特殊技
ピカチュウ,ピカチュウ,かみなり,Thunder
ピカチュウ,ピカチュウ,10まんボルト,10まんボルト
ピカチュウ,ピカチュウ,ほうでん,Discharge
ピカチュウ,ピカチュウ,ボルトチェンジ,Volt switch
ピカチュウ,ピカチュウ,くさむすび,Grass knot
ピカチュウ,ピカチュウ,なみのり,Surf
ピカチュウ,ピカチュウ,みわくのボイス,みわくのボイス
ピカチュウ,ピカチュウ,変化技,変化技
ピカチュウ,ピカチュウ,アンコール,Encore
ピカチュウ,ピカチュウ,みがわり,Substitute
ピカチュウ,ピカチュウ,でんじは,Thunder wave
ピカチュウ,ピカチュウ,リフレクター,Reflect
ピカチュウ,ピカチュウ,ひかりのかべ,Light screen
ピカチュウ,ピカチュウ,こうそくいどう,Agility
ピカチュウ,ピカチュウ,あまえる,Charm
ピカチュウ,ピカチュウ,かいでんぱ,Eerie impulse
ピカチュウ,ピカチュウ,わるだくみ,Nasty plot
ピカチュウ,ピカチュウ,ライジングボルト,Rising voltage
ピカチュウ,ピカチュウ,きあいパンチ,Focus punch
ピカチュウ,ピカチュウ,がむしゃら,Endeavor
ライチュウ-rfあり,ライチュウ（RFあり）,第一,第一
ライチュウ-rfあり,ライチュウ（RFあり）,第五,第五
ライチュウ-rfあり,ライチュウ（RFあり）,第九,第九
ライチュウ-rfあり,ライチュウ（RFあり）,能力比,能力比
ライチュウ-rfあり,ライチュウ（RFあり）,ライチュウ,ライチュウ
ライチュウ-rfあり,ライチュウ（RFあり）,ピカチュウ,ピカチュウ
ライチュウ-rfあり,ライチュウ（RFあり）,Aライチュウ,Aライチュウ
ライチュウ-rfあり,ライチュウ（RFあり）,ばつぐん,ばつぐん
ライチュウ-rfあり,ライチュウ（RFあり）,いまひとつ,いまひとつ
ライチュウ-rfあり,ライチュウ（RFあり）,こうかなし,こうかなし
ライチュウ-rfあり,ライチュウ（RFあり）,配分,配分
ライチュウ-rfあり,ライチュウ（RFあり）,AS最速,AS最速
ライチュウ-rfあり,ライチュウ（RFあり）,CS最速,CS最速
ライチュウ-rfあり,ライチュウ（RFあり）,HS最速,HS最速
ライチュウ-rfあり,ライチュウ（RFあり）,特殊技,特殊技
ライチュウ-rfあり,ライチュウ（RFあり）,10まんボルト,10まんボルト
ライチュウ-rfあり,ライチュウ（RFあり）,かみなり,Thunder
ライチュウ-rfあり,ライチュウ（RFあり）,ほうでん,Discharge
ライチュウ-rfあり,ライチュウ（RFあり）,ボルトチェンジ,Volt switch
ライチュウ-rfあり,ライチュウ（RFあり）,エレキネット,Electroweb
ライチュウ-rfあり,ライチュウ（RFあり）,みわくのボイス,みわくのボイス
ライチュウ-rfあり,ライチュウ（RFあり）,マジカルシャイン,Dazzling gleam
ライチュウ-rfあり,ライチュウ（RFあり）,ドレインキッス,Draining kiss
ライチュウ-rfあり,ライチュウ（RFあり）,きあいだま,Focus blast
ライチュウ-rfあり,ライチュウ（RFあり）,くさむすび,Grass knot
ライチュウ-rfあり,ライチュウ（RFあり）,なみのり,Surf
ライチュウ-rfあり,ライチュウ（RFあり）,物理技,物理技
ライチュウ-rfあり,ライチュウ（RFあり）,ボルテッカー,Volt tackle
ライチュウ-rfあり,ライチュウ（RFあり）,ほっぺすりすり,Nuzzle
ライチュウ-rfあり,ライチュウ（RFあり）,じゃれつく,Play rough
ライチュウ-rfあり,ライチュウ（RFあり）,アイアンテール,Iron tail
ライチュウ-rfあり,ライチュウ（RFあり）,かわらわり,Brick break
ライチュウ-rfあり,ライチュウ（RFあり）,はたきおとす,Knock off
ライチュウ-rfあり,ライチュウ（RFあり）,なげつける,Fling
ライチュウ-rfあり,ライチュウ（RFあり）,ねこだまし,Fake out
ライチュウ-rfあり,ライチュウ（RFあり）,フェイント,Feint
ライチュウ-rfあり,ライチュウ（RFあり）,はやてがえし,はやてがえし
ライチュウ-rfあり,ライチュウ（RFあり）,がむしゃら,Endeavor
ライチュウ-rfあり,ライチュウ（RFあり）,変化技,変化技
ライチュウ-rfあり,ライチュウ（RFあり）,アンコール,Encore
ライチュウ-rfあり,ライチュウ（RFあり）,みがわり,Substitute
ライチュウ-rfあり,ライチュウ（RFあり）,でんじは,Thunder wave
ライチュウ-rfあり,ライチュウ（RFあり）,リフレクター,Reflect
ライチュウ-rfあり,ライチュウ（RFあり）,ひかりのかべ,Light screen
ライチュウ-rfあり,ライチュウ（RFあり）,あまえる,Charm
ライチュウ-rfあり,ライチュウ（RFあり）,うそなき,Fake tears
ライチュウ-rfあり,ライチュウ（RFあり）,かいでんぱ,Eerie impulse
ライチュウ-rfあり,ライチュウ（RFあり）,わるだくみ,Nasty plot
ライチュウ-rfあり,ライチュウ（RFあり）,てだすけ,Helping hand
ライチュウ-rfあり,ライチュウ（RFあり）,きあいパンチ,Focus punch
ピクシー,ピクシー,第一,第一
ピクシー,ピクシー,第五,第五
ピクシー,ピクシー,第九,第九
ピクシー,ピクシー,メガシンカ,メガシンカ
ピクシー,ピクシー,ピクシー,ピクシー
ピクシー,ピクシー,メガピクシー,メガピクシー
ピクシー,ピクシー,てんねん,てんねん
ピクシー,ピクシー,ラウドボーン,ラウドボーン
ピクシー,ピクシー,マジックミラー妖,マジックミラー妖
ピクシー,ピクシー,ブリムオン,ブリムオン
ピクシー,ピクシー,ばつぐん,ばつぐん
ピクシー,ピクシー,いまひとつ,いまひとつ
ピクシー,ピクシー,こうかなし,こうかなし
ピクシー,ピクシー,ダメージ元,ダメージ元
ピクシー,ピクシー,状態異常,状態異常
ピクシー,ピクシー,場の状態,場の状態
ピクシー,ピクシー,状態変化,状態変化
ピクシー,ピクシー,技の間接ダメージ,技の間接ダメージ
ピクシー,ピクシー,特性によるダメージ,特性によるダメージ
ピクシー,ピクシー,持ち物によるダメージ,持ち物によるダメージ
ピクシー,ピクシー,配分,配分
ピクシー,ピクシー,HC特殊,HC特殊
ピクシー,ピクシー,HB耐久,HB耐久
ピクシー,ピクシー,特殊技,特殊技
ピクシー,ピクシー,ムーンフォース,Moonblast
ピクシー,ピクシー,マジカルシャイン,Dazzling gleam
ピクシー,ピクシー,ミストバースト,Misty explosion
ピクシー,ピクシー,ドレインキッス,Draining kiss
ピクシー,ピクシー,エアスラッシュ,Air slash
ピクシー,ピクシー,かえんほうしゃ,Flamethrower
ピクシー,ピクシー,だいもんじ,Fire blast
ピクシー,ピクシー,きあいだま,Focus blast
ピクシー,ピクシー,サイコキネシス,Psychic
ピクシー,ピクシー,サイコショック,Psyshock
ピクシー,ピクシー,アシストパワー,Stored power
ピクシー,ピクシー,れいとうビーム,Ice beam
ピクシー,ピクシー,ふぶき,Blizzard
ピクシー,ピクシー,こごえるかぜ,Icy wind
ピクシー,ピクシー,10まんボルト,10まんボルト
ピクシー,ピクシー,かみなり,Thunder
ピクシー,ピクシー,くさむすび,Grass knot
ピクシー,ピクシー,シャドーボール,Shadow ball
ピクシー,ピクシー,メテオビーム,Meteor beam
ピクシー,ピクシー,ナイトヘッド,Night shade
ピクシー,ピクシー,ひやみず,Chilling water
ピクシー,ピクシー,物理技,物理技
ピクシー,ピクシー,はたきおとす,Knock off
ピクシー,ピクシー,変化技,変化技
ピクシー,ピクシー,でんじは,Thunder wave
ピクシー,ピクシー,アンコール,Encore
ピクシー,ピクシー,めいそう,Calm mind
ピクシー,ピクシー,ドわすれ,Amnesia
ピクシー,ピクシー,コスモパワー,Cosmic power
ピクシー,ピクシー,つきのひかり,Moonlight
ピクシー,ピクシー,ねがいごと,Wish
ピクシー,ピクシー,ひかりのかべ,Light screen
ピクシー,ピクシー,リフレクター,Reflect
ピクシー,ピクシー,ステルスロック,Stealth rock
ピクシー,ピクシー,じゅうりょく,Gravity
ピクシー,ピクシー,いやしのねがい,Healing wish
ピクシー,ピクシー,このゆびとまれ,Follow me
ピクシー,ピクシー,いやしのはどう,Heal pulse
ピクシー,ピクシー,いのちのしずく,Life dew
ピクシー,ピクシー,バトンタッチ,Baton pass
ピクシー,ピクシー,じこあんじ,Psych up
ピクシー,ピクシー,じゃれつく,Play rough
ピクシー,ピクシー,コメットパンチ,Meteor mash
ピクシー,ピクシー,かわらわり,Brick break
ピクシー,ピクシー,しねんのずつき,Zen headbutt
メガピクシー,メガピクシー,第一,第一
メガピクシー,メガピクシー,第五,第五
メガピクシー,メガピクシー,第九,第九
メガピクシー,メガピクシー,メガシンカ,メガシンカ
メガピクシー,メガピクシー,ピクシー,ピクシー
メガピクシー,メガピクシー,メガピクシー,メガピクシー
メガピクシー,メガピクシー,てんねん,てんねん
メガピクシー,メガピクシー,ラウドボーン,ラウドボーン
メガピクシー,メガピクシー,マジックミラー妖,マジックミラー妖
メガピクシー,メガピクシー,ブリムオン,ブリムオン
メガピクシー,メガピクシー,ばつぐん,ばつぐん
メガピクシー,メガピクシー,いまひとつ,いまひとつ
メガピクシー,メガピクシー,こうかなし,こうかなし
メガピクシー,メガピクシー,ダメージ元,ダメージ元
メガピクシー,メガピクシー,状態異常,状態異常
メガピクシー,メガピクシー,場の状態,場の状態
メガピクシー,メガピクシー,状態変化,状態変化
メガピクシー,メガピクシー,技の間接ダメージ,技の間接ダメージ
メガピクシー,メガピクシー,特性によるダメージ,特性によるダメージ
メガピクシー,メガピクシー,持ち物によるダメージ,持ち物によるダメージ
メガピクシー,メガピクシー,配分,配分
メガピクシー,メガピクシー,HC特殊,HC特殊
メガピクシー,メガピクシー,HB耐久,HB耐久
メガピクシー,メガピクシー,特殊技,特殊技
メガピクシー,メガピクシー,ムーンフォース,Moonblast
メガピクシー,メガピクシー,マジカルシャイン,Dazzling gleam
メガピクシー,メガピクシー,ミストバースト,Misty explosion
メガピクシー,メガピクシー,ドレインキッス,Draining kiss
メガピクシー,メガピクシー,エアスラッシュ,Air slash
メガピクシー,メガピクシー,かえんほうしゃ,Flamethrower
メガピクシー,メガピクシー,だいもんじ,Fire blast
メガピクシー,メガピクシー,きあいだま,Focus blast
メガピクシー,メガピクシー,サイコキネシス,Psychic
メガピクシー,メガピクシー,サイコショック,Psyshock
メガピクシー,メガピクシー,アシストパワー,Stored power
メガピクシー,メガピクシー,れいとうビーム,Ice beam
メガピクシー,メガピクシー,ふぶき,Blizzard
メガピクシー,メガピクシー,こごえるかぜ,Icy wind
メガピクシー,メガピクシー,10まんボルト,10まんボルト
メガピクシー,メガピクシー,かみなり,Thunder
メガピクシー,メガピクシー,くさむすび,Grass knot
メガピクシー,メガピクシー,シャドーボール,Shadow ball
メガピクシー,メガピクシー,メテオビーム,Meteor beam
メガピクシー,メガピクシー,ナイトヘッド,Night shade
メガピクシー,メガピクシー,ひやみず,Chilling water
メガピクシー,メガピクシー,物理技,物理技
メガピクシー,メガピクシー,はたきおとす,Knock off
メガピクシー,メガピクシー,変化技,変化技
メガピクシー,メガピクシー,でんじは,Thunder wave
メガピクシー,メガピクシー,アンコール,Encore
メガピクシー,メガピクシー,めいそう,Calm mind
メガピクシー,メガピクシー,ドわすれ,Amnesia
メガピクシー,メガピクシー,コスモパワー,Cosmic power
メガピクシー,メガピクシー,つきのひかり,Moonlight
メガピクシー,メガピクシー,ねがいごと,Wish
メガピクシー,メガピクシー,ひかりのかべ,Light screen
メガピクシー,メガピクシー,リフレクター,Reflect
メガピクシー,メガピクシー,ステルスロック,Stealth rock
メガピクシー,メガピクシー,じゅうりょく,Gravity
メガピクシー,メガピクシー,いやしのねがい,Healing wish
メガピクシー,メガピクシー,このゆびとまれ,Follow me
メガピクシー,メガピクシー,いやしのはどう,Heal pulse
メガピクシー,メガピクシー,いのちのしずく,Life dew
メガピクシー,メガピクシー,バトンタッチ,Baton pass
メガピクシー,メガピクシー,じこあんじ,Psych up
メガピクシー,メガピクシー,じゃれつく,Play rough
メガピクシー,メガピクシー,コメットパンチ,Meteor mash
メガピクシー,メガピクシー,かわらわり,Brick break
メガピクシー,メガピクシー,しねんのずつき,Zen headbutt
キュウコン-rfあり,キュウコン（RFあり）,第一,第一
キュウコン-rfあり,キュウコン（RFあり）,第五,第五
キュウコン-rfあり,キュウコン（RFあり）,第九,第九
キュウコン-rfあり,キュウコン（RFあり）,ひでり,ひでり
キュウコン-rfあり,キュウコン（RFあり）,キュウコン,キュウコン
キュウコン-rfあり,キュウコン（RFあり）,コータス,コータス
キュウコン-rfあり,キュウコン（RFあり）,メガリザードンY,メガリザードンY
キュウコン-rfあり,キュウコン（RFあり）,Aキュウコン,Aキュウコン
キュウコン-rfあり,キュウコン（RFあり）,ばつぐん,ばつぐん
キュウコン-rfあり,キュウコン（RFあり）,いまひとつ,いまひとつ
キュウコン-rfあり,キュウコン（RFあり）,こうかなし,こうかなし
キュウコン-rfあり,キュウコン（RFあり）,配分,配分
キュウコン-rfあり,キュウコン（RFあり）,CS最速,CS最速
キュウコン-rfあり,キュウコン（RFあり）,CS準速,CS準速
キュウコン-rfあり,キュウコン（RFあり）,特殊技,特殊技
キュウコン-rfあり,キュウコン（RFあり）,オーバーヒート,Overheat
キュウコン-rfあり,キュウコン（RFあり）,だいもんじ,Fire blast
キュウコン-rfあり,キュウコン（RFあり）,ねっぷう,Heat wave
キュウコン-rfあり,キュウコン（RFあり）,かえんほうしゃ,Flamethrower
キュウコン-rfあり,キュウコン（RFあり）,マジカルフレイム,Mystical fire
キュウコン-rfあり,キュウコン（RFあり）,ほのおのうず,Fire spin
キュウコン-rfあり,キュウコン（RFあり）,ソーラービーム,Solar beam
キュウコン-rfあり,キュウコン（RFあり）,ねっさのだいち,Scorching sands
キュウコン-rfあり,キュウコン（RFあり）,ウェザーボール,Weather ball
キュウコン-rfあり,キュウコン（RFあり）,あくのはどう,Dark pulse
キュウコン-rfあり,キュウコン（RFあり）,バークアウト,Snarl
キュウコン-rfあり,キュウコン（RFあり）,シャドーボール,Shadow ball
キュウコン-rfあり,キュウコン（RFあり）,たたりめ,Hex
キュウコン-rfあり,キュウコン（RFあり）,じんつうりき,Extrasensory
キュウコン-rfあり,キュウコン（RFあり）,サイコショック,Psyshock
キュウコン-rfあり,キュウコン（RFあり）,アシストパワー,Stored power
キュウコン-rfあり,キュウコン（RFあり）,物理技,物理技
キュウコン-rfあり,キュウコン（RFあり）,イカサマ,Foul play
キュウコン-rfあり,キュウコン（RFあり）,でんこうせっか,Quick attack
キュウコン-rfあり,キュウコン（RFあり）,変化技,変化技
キュウコン-rfあり,キュウコン（RFあり）,おにび,Will-o-wisp
キュウコン-rfあり,キュウコン（RFあり）,あまえる,Charm
キュウコン-rfあり,キュウコン（RFあり）,かなしばり,Disable
キュウコン-rfあり,キュウコン（RFあり）,さいみんじゅつ,Hypnosis
キュウコン-rfあり,キュウコン（RFあり）,おきみやげ,Memento
キュウコン-rfあり,キュウコン（RFあり）,いやしのねがい,Healing wish
キュウコン-rfあり,キュウコン（RFあり）,わるだくみ,Nasty plot
キュウコン-rfあり,キュウコン（RFあり）,めいそう,Calm mind
キュウコン-rfあり,キュウコン（RFあり）,ほえる,Roar
キュウコン-rfあり,キュウコン（RFあり）,ふういん,Imprison
キュウコン-rfあり,キュウコン（RFあり）,アンコール,Encore
キュウコン-rfあり,キュウコン（RFあり）,いたみわけ,Pain split
キュウコン-rfあり,キュウコン（RFあり）,バトンタッチ,Baton pass
キュウコン-rfあり,キュウコン（RFあり）,てだすけ,Helping hand
キュウコン-rfあり,キュウコン（RFあり）,じこあんじ,Psych up
キュウコン-rfあり,キュウコン（RFあり）,パワースワップ,Power swap
キュウコン-rfあり,キュウコン（RFあり）,れんごく,Inferno
キュウコン-rfあり,キュウコン（RFあり）,しっとのほのお,Burning jealousy
キュウコン-rfあり,キュウコン（RFあり）,エナジーボール,Energy ball
キュウコン-rfあり,キュウコン（RFあり）,ナイトヘッド,Night shade
キュウコン-rfあり,キュウコン（RFあり）,ゆめくい,Dream eater
キュウコン-rfあり,キュウコン（RFあり）,フレアドライブ,Flare blitz
キュウコン-rfあり,キュウコン（RFあり）,ニトロチャージ,Flame charge
キュウコン-rfあり,キュウコン（RFあり）,しねんのずつき,Zen headbutt
キュウコン-rfあり,キュウコン（RFあり）,アイアンテール,Iron tail
キュウコン-rfあり,キュウコン（RFあり）,あやしいひかり,Confuse ray
キュウコン-rfあり,キュウコン（RFあり）,つぶらなひとみ,Baby-doll eyes
キュウコン-rfあり,キュウコン（RFあり）,こうそくいどう,Agility
キュウコン-rfあり,キュウコン（RFあり）,うそなき,Fake tears
ウインディ-rfあり,ウインディ（RFあり）,第一,第一
ウインディ-rfあり,ウインディ（RFあり）,第五,第五
ウインディ-rfあり,ウインディ（RFあり）,第九,第九
ウインディ-rfあり,ウインディ（RFあり）,いかく炎,いかく炎
ウインディ-rfあり,ウインディ（RFあり）,ウインディ,ウインディ
ウインディ-rfあり,ウインディ（RFあり）,Hウインディ,Hウインディ
ウインディ-rfあり,ウインディ（RFあり）,ガオガエン,ガオガエン
ウインディ-rfあり,ウインディ（RFあり）,ばつぐん,ばつぐん
ウインディ-rfあり,ウインディ（RFあり）,いまひとつ,いまひとつ
ウインディ-rfあり,ウインディ（RFあり）,こうかなし,こうかなし
ウインディ-rfあり,ウインディ（RFあり）,配分,配分
ウインディ-rfあり,ウインディ（RFあり）,AS最速,AS最速
ウインディ-rfあり,ウインディ（RFあり）,AS準速,AS準速
ウインディ-rfあり,ウインディ（RFあり）,CS最速,CS最速
ウインディ-rfあり,ウインディ（RFあり）,CS準速,CS準速
ウインディ-rfあり,ウインディ（RFあり）,HA物理,HA物理
ウインディ-rfあり,ウインディ（RFあり）,物理技,物理技
ウインディ-rfあり,ウインディ（RFあり）,フレアドライブ,Flare blitz
ウインディ-rfあり,ウインディ（RFあり）,やけっぱち,やけっぱち
ウインディ-rfあり,ウインディ（RFあり）,ニトロチャージ,Flame charge
ウインディ-rfあり,ウインディ（RFあり）,しんそく,Extreme speed
ウインディ-rfあり,ウインディ（RFあり）,インファイト,Close combat
ウインディ-rfあり,ウインディ（RFあり）,ワイルドボルト,Wild charge
ウインディ-rfあり,ウインディ（RFあり）,かみくだく,Crunch
ウインディ-rfあり,ウインディ（RFあり）,じならし,Bulldoze
ウインディ-rfあり,ウインディ（RFあり）,サイコファング,Psychic fangs
ウインディ-rfあり,ウインディ（RFあり）,じゃれつく,Play rough
ウインディ-rfあり,ウインディ（RFあり）,アイアンヘッド,Iron head
ウインディ-rfあり,ウインディ（RFあり）,特殊技,特殊技
ウインディ-rfあり,ウインディ（RFあり）,オーバーヒート,Overheat
ウインディ-rfあり,ウインディ（RFあり）,もえつきる,Burn up
ウインディ-rfあり,ウインディ（RFあり）,だいもんじ,Fire blast
ウインディ-rfあり,ウインディ（RFあり）,かえんほうしゃ,Flamethrower
ウインディ-rfあり,ウインディ（RFあり）,ねっぷう,Heat wave
ウインディ-rfあり,ウインディ（RFあり）,ソーラービーム,Solar beam
ウインディ-rfあり,ウインディ（RFあり）,バークアウト,Snarl
ウインディ-rfあり,ウインディ（RFあり）,ほのおのうず,Fire spin
ウインディ-rfあり,ウインディ（RFあり）,ねっさのだいち,Scorching sands
ウインディ-rfあり,ウインディ（RFあり）,変化技,変化技
ウインディ-rfあり,ウインディ（RFあり）,おにび,Will-o-wisp
ウインディ-rfあり,ウインディ（RFあり）,あさのひざし,Morning sun
ウインディ-rfあり,ウインディ（RFあり）,ほえる,Roar
ウインディ-rfあり,ウインディ（RFあり）,のろい,Curse
ウインディ-rfあり,ウインディ（RFあり）,だいふんげき,Raging fury
ウインディ-rfあり,ウインディ（RFあり）,げきりん,Outrage
ウインディ-rfあり,ウインディ（RFあり）,ハイパーボイス,Hyper voice
ウインディ-rfあり,ウインディ（RFあり）,りゅうのはどう,Dragon pulse
ウインディ-rfあり,ウインディ（RFあり）,あまえる,Charm
ウインディ-rfあり,ウインディ（RFあり）,とおぼえ,Howl
ウインディ-rfあり,ウインディ（RFあり）,こうそくいどう,Agility
フーディン,フーディン,第一,第一
フーディン,フーディン,第五,第五
フーディン,フーディン,第九,第九
フーディン,フーディン,高速超単,高速超単
フーディン,フーディン,フーディン,フーディン
フーディン,フーディン,メガフーディン,メガフーディン
フーディン,フーディン,エーフィ,エーフィ
フーディン,フーディン,メガニャオニクス♂/♀,メガニャオニクス♂/♀
フーディン,フーディン,ばつぐん,ばつぐん
フーディン,フーディン,いまひとつ,いまひとつ
フーディン,フーディン,こうかなし,こうかなし
フーディン,フーディン,配分,配分
フーディン,フーディン,CS最速,CS最速
フーディン,フーディン,特殊技,特殊技
フーディン,フーディン,サイコキネシス,Psychic
フーディン,フーディン,サイコショック,Psyshock
フーディン,フーディン,ワイドフォース,Expanding force
フーディン,フーディン,アシストパワー,Stored power
フーディン,フーディン,きあいだま,Focus blast
フーディン,フーディン,マジカルシャイン,Dazzling gleam
フーディン,フーディン,シャドーボール,Shadow ball
フーディン,フーディン,エナジーボール,Energy ball
フーディン,フーディン,くさむすび,Grass knot
フーディン,フーディン,りんしょう,Round
フーディン,フーディン,変化技,変化技
フーディン,フーディン,アンコール,Encore
フーディン,フーディン,ちょうはつ,Taunt
フーディン,フーディン,みがわり,Substitute
フーディン,フーディン,かなしばり,Disable
フーディン,フーディン,わるだくみ,Nasty plot
フーディン,フーディン,めいそう,Calm mind
フーディン,フーディン,じこさいせい,Recover
フーディン,フーディン,リフレクター,Reflect
フーディン,フーディン,ひかりのかべ,Light screen
フーディン,フーディン,でんじは,Thunder wave
フーディン,フーディン,スピードスワップ,Speed swap
フーディン,フーディン,物理技,物理技
フーディン,フーディン,なげつける,Fling
フーディン,フーディン,サイコフィールド,Psychic terrain
フーディン,フーディン,スキルスワップ,Skill swap
メガフーディン,メガフーディン,第一,第一
メガフーディン,メガフーディン,第五,第五
メガフーディン,メガフーディン,第九,第九
メガフーディン,メガフーディン,高速超単,高速超単
メガフーディン,メガフーディン,フーディン,フーディン
メガフーディン,メガフーディン,メガフーディン,メガフーディン
メガフーディン,メガフーディン,エーフィ,エーフィ
メガフーディン,メガフーディン,メガニャオニクス♂/♀,メガニャオニクス♂/♀
メガフーディン,メガフーディン,ばつぐん,ばつぐん
メガフーディン,メガフーディン,いまひとつ,いまひとつ
メガフーディン,メガフーディン,こうかなし,こうかなし
メガフーディン,メガフーディン,配分,配分
メガフーディン,メガフーディン,CS最速,CS最速
メガフーディン,メガフーディン,特殊技,特殊技
メガフーディン,メガフーディン,サイコキネシス,Psychic
メガフーディン,メガフーディン,サイコショック,Psyshock
メガフーディン,メガフーディン,ワイドフォース,Expanding force
メガフーディン,メガフーディン,アシストパワー,Stored power
メガフーディン,メガフーディン,きあいだま,Focus blast
メガフーディン,メガフーディン,マジカルシャイン,Dazzling gleam
メガフーディン,メガフーディン,シャドーボール,Shadow ball
メガフーディン,メガフーディン,エナジーボール,Energy ball
メガフーディン,メガフーディン,くさむすび,Grass knot
メガフーディン,メガフーディン,りんしょう,Round
メガフーディン,メガフーディン,変化技,変化技
メガフーディン,メガフーディン,アンコール,Encore
メガフーディン,メガフーディン,ちょうはつ,Taunt
メガフーディン,メガフーディン,みがわり,Substitute
メガフーディン,メガフーディン,かなしばり,Disable
メガフーディン,メガフーディン,わるだくみ,Nasty plot
メガフーディン,メガフーディン,めいそう,Calm mind
メガフーディン,メガフーディン,じこさいせい,Recover
メガフーディン,メガフーディン,リフレクター,Reflect
メガフーディン,メガフーディン,ひかりのかべ,Light screen
メガフーディン,メガフーディン,でんじは,Thunder wave
メガフーディン,メガフーディン,スピードスワップ,Speed swap
メガフーディン,メガフーディン,物理技,物理技
メガフーディン,メガフーディン,なげつける,Fling
メガフーディン,メガフーディン,サイコフィールド,Psychic terrain
メガフーディン,メガフーディン,スキルスワップ,Skill swap
カイリキー,カイリキー,第一,第一
カイリキー,カイリキー,第五,第五
カイリキー,カイリキー,第九,第九
カイリキー,カイリキー,鈍足格闘,鈍足格闘
カイリキー,カイリキー,カイリキー,カイリキー
カイリキー,カイリキー,ローブシン,ローブシン
カイリキー,カイリキー,ノーガード,ノーガード
カイリキー,カイリキー,ゴルーグ,ゴルーグ
カイリキー,カイリキー,メガルチャブル,メガルチャブル
カイリキー,カイリキー,ばつぐん,ばつぐん
カイリキー,カイリキー,いまひとつ,いまひとつ
カイリキー,カイリキー,こうかなし,こうかなし
カイリキー,カイリキー,配分,配分
カイリキー,カイリキー,HA物理,HA物理
カイリキー,カイリキー,AS物理,AS物理
カイリキー,カイリキー,攻撃技,攻撃技
カイリキー,カイリキー,ばくれつパンチ,Dynamic punch
カイリキー,カイリキー,インファイト,Close combat
カイリキー,カイリキー,ドレインパンチ,Drain punch
カイリキー,カイリキー,ストーンエッジ,Stone edge
カイリキー,カイリキー,いわなだれ,Rock slide
カイリキー,カイリキー,がんせきふうじ,Rock tomb
カイリキー,カイリキー,じしん,Earthquake
カイリキー,カイリキー,10まんばりき,10まんばりき
カイリキー,カイリキー,DDラリアット,DDラリアット
カイリキー,カイリキー,はたきおとす,Knock off
カイリキー,カイリキー,れいとうパンチ,Ice punch
カイリキー,カイリキー,かみなりパンチ,Thunder punch
カイリキー,カイリキー,ほのおのパンチ,Fire punch
カイリキー,カイリキー,どくづき,Poison jab
カイリキー,カイリキー,ヘビーボンバー,Heavy slam
カイリキー,カイリキー,バレットパンチ,Bullet punch
カイリキー,カイリキー,変化技,変化技
カイリキー,カイリキー,ビルドアップ,Bulk up
カイリキー,カイリキー,ファストガード,Quick guard
カイリキー,カイリキー,ワイドガード,Wide guard
カイリキー,カイリキー,みきり,Detect
カイリキー,カイリキー,ねごと,Sleep talk
カイリキー,カイリキー,物理技,物理技
カイリキー,カイリキー,クロスチョップ,Cross chop
カイリキー,カイリキー,ローキック,Low sweep
カイリキー,カイリキー,じだんだ,Stomping tantrum
カイリキー,カイリキー,じならし,Bulldoze
カイリキー,カイリキー,じごくづき,Throat chop
カイリキー,カイリキー,しっぺがえし,Payback
カイリキー,カイリキー,メガトンキック,Mega kick
カイリキー,カイリキー,特殊技,特殊技
カイリキー,カイリキー,だいもんじ,Fire blast
カイリキー,カイリキー,ひかりのかべ,Light screen
カイリキー,カイリキー,こわいかお,Scary face
カイリキー,カイリキー,アンコール,Encore
ウツボット,ウツボット,第一,第一
ウツボット,ウツボット,第五,第五
ウツボット,ウツボット,第九,第九
ウツボット,ウツボット,能力比,能力比
ウツボット,ウツボット,ウツボット,ウツボット
ウツボット,ウツボット,メガウツボット,メガウツボット
ウツボット,ウツボット,草/毒,草/毒
ウツボット,ウツボット,フシギバナ,フシギバナ
ウツボット,ウツボット,ロズレイド,ロズレイド
ウツボット,ウツボット,ばつぐん,ばつぐん
ウツボット,ウツボット,いまひとつ,いまひとつ
ウツボット,ウツボット,こうかなし,こうかなし
ウツボット,ウツボット,配分,配分
ウツボット,ウツボット,HA振り,HA振り
ウツボット,ウツボット,AS振り,AS振り
ウツボット,ウツボット,HC振り,HC振り
ウツボット,ウツボット,CS振り,CS振り
ウツボット,ウツボット,特殊技,特殊技
ウツボット,ウツボット,リーフストーム,Leaf storm
ウツボット,ウツボット,ソーラービーム,Solar beam
ウツボット,ウツボット,くさむすび,Grass knot
ウツボット,ウツボット,ギガドレイン,Giga drain
ウツボット,ウツボット,ヘドロウェーブ,Sludge wave
ウツボット,ウツボット,ヘドロばくだん,Sludge bomb
ウツボット,ウツボット,ウェザーボール,Weather ball
ウツボット,ウツボット,物理技,物理技
ウツボット,ウツボット,パワーウィップ,Power whip
ウツボット,ウツボット,リーフブレード,Leaf blade
ウツボット,ウツボット,タネマシンガン,Bullet seed
ウツボット,ウツボット,どくづき,Poison jab
ウツボット,ウツボット,きゅうけつ,Leech life
ウツボット,ウツボット,とびかかる,Lunge
ウツボット,ウツボット,はたきおとす,Knock off
ウツボット,ウツボット,ふいうち,Sucker punch
ウツボット,ウツボット,変化技,変化技
ウツボット,ウツボット,ちからをすいとる,Strength sap
ウツボット,ウツボット,ねむりごな,Sleep powder
ウツボット,ウツボット,しびれごな,Stun spore
ウツボット,ウツボット,どくどく,Toxic
ウツボット,ウツボット,アンコール,Encore
ウツボット,ウツボット,リフレクター,Reflect
ウツボット,ウツボット,せいちょう,Growth
ウツボット,ウツボット,つるぎのまい,Swords dance
ウツボット,ウツボット,こうごうせい,Synthesis
ウツボット,ウツボット,みがわり,Substitute
ウツボット,ウツボット,いえき,Gastro acid
ウツボット,ウツボット,エナジーボール,Energy ball
ウツボット,ウツボット,アシッドボム,Acid spray
ウツボット,ウツボット,クリアスモッグ,Clear smog
ウツボット,ウツボット,グラススライダー,Grassy glide
ウツボット,ウツボット,くさわけ,Trailblaze
ウツボット,ウツボット,にほんばれ,Sunny day
メガウツボット,メガウツボット,第一,第一
メガウツボット,メガウツボット,第五,第五
メガウツボット,メガウツボット,第九,第九
メガウツボット,メガウツボット,能力比,能力比
メガウツボット,メガウツボット,ウツボット,ウツボット
メガウツボット,メガウツボット,メガウツボット,メガウツボット
メガウツボット,メガウツボット,草/毒,草/毒
メガウツボット,メガウツボット,フシギバナ,フシギバナ
メガウツボット,メガウツボット,ロズレイド,ロズレイド
メガウツボット,メガウツボット,ばつぐん,ばつぐん
メガウツボット,メガウツボット,いまひとつ,いまひとつ
メガウツボット,メガウツボット,こうかなし,こうかなし
メガウツボット,メガウツボット,配分,配分
メガウツボット,メガウツボット,HA振り,HA振り
メガウツボット,メガウツボット,AS振り,AS振り
メガウツボット,メガウツボット,HC振り,HC振り
メガウツボット,メガウツボット,CS振り,CS振り
メガウツボット,メガウツボット,特殊技,特殊技
メガウツボット,メガウツボット,リーフストーム,Leaf storm
メガウツボット,メガウツボット,ソーラービーム,Solar beam
メガウツボット,メガウツボット,くさむすび,Grass knot
メガウツボット,メガウツボット,ギガドレイン,Giga drain
メガウツボット,メガウツボット,ヘドロウェーブ,Sludge wave
メガウツボット,メガウツボット,ヘドロばくだん,Sludge bomb
メガウツボット,メガウツボット,ウェザーボール,Weather ball
メガウツボット,メガウツボット,物理技,物理技
メガウツボット,メガウツボット,パワーウィップ,Power whip
メガウツボット,メガウツボット,リーフブレード,Leaf blade
メガウツボット,メガウツボット,タネマシンガン,Bullet seed
メガウツボット,メガウツボット,どくづき,Poison jab
メガウツボット,メガウツボット,きゅうけつ,Leech life
メガウツボット,メガウツボット,とびかかる,Lunge
メガウツボット,メガウツボット,はたきおとす,Knock off
メガウツボット,メガウツボット,ふいうち,Sucker punch
メガウツボット,メガウツボット,変化技,変化技
メガウツボット,メガウツボット,ちからをすいとる,Strength sap
メガウツボット,メガウツボット,ねむりごな,Sleep powder
メガウツボット,メガウツボット,しびれごな,Stun spore
メガウツボット,メガウツボット,どくどく,Toxic
メガウツボット,メガウツボット,アンコール,Encore
メガウツボット,メガウツボット,リフレクター,Reflect
メガウツボット,メガウツボット,せいちょう,Growth
メガウツボット,メガウツボット,つるぎのまい,Swords dance
メガウツボット,メガウツボット,こうごうせい,Synthesis
メガウツボット,メガウツボット,みがわり,Substitute
メガウツボット,メガウツボット,いえき,Gastro acid
メガウツボット,メガウツボット,エナジーボール,Energy ball
メガウツボット,メガウツボット,アシッドボム,Acid spray
メガウツボット,メガウツボット,クリアスモッグ,Clear smog
メガウツボット,メガウツボット,グラススライダー,Grassy glide
メガウツボット,メガウツボット,くさわけ,Trailblaze
メガウツボット,メガウツボット,にほんばれ,Sunny day
ヤドラン-rfあり,ヤドラン（RFあり）,第一,第一
ヤドラン-rfあり,ヤドラン（RFあり）,第五,第五
ヤドラン-rfあり,ヤドラン（RFあり）,第九,第九
ヤドラン-rfあり,ヤドラン（RFあり）,メガシンカ,メガシンカ
ヤドラン-rfあり,ヤドラン（RFあり）,ヤドラン,ヤドラン
ヤドラン-rfあり,ヤドラン（RFあり）,メガヤドラン,メガヤドラン
ヤドラン-rfあり,ヤドラン（RFあり）,分岐・ガラル,分岐・ガラル
ヤドラン-rfあり,ヤドラン（RFあり）,Gヤドラン,Gヤドラン
ヤドラン-rfあり,ヤドラン（RFあり）,ヤドキング,ヤドキング
ヤドラン-rfあり,ヤドラン（RFあり）,Gヤドキング,Gヤドキング
ヤドラン-rfあり,ヤドラン（RFあり）,ばつぐん,ばつぐん
ヤドラン-rfあり,ヤドラン（RFあり）,いまひとつ,いまひとつ
ヤドラン-rfあり,ヤドラン（RFあり）,こうかなし,こうかなし
ヤドラン-rfあり,ヤドラン（RFあり）,配分,配分
ヤドラン-rfあり,ヤドラン（RFあり）,HC特化,HC特化
ヤドラン-rfあり,ヤドラン（RFあり）,HB耐久,HB耐久
ヤドラン-rfあり,ヤドラン（RFあり）,特殊技,特殊技
ヤドラン-rfあり,ヤドラン（RFあり）,ハイドロポンプ,Hydro pump
ヤドラン-rfあり,ヤドラン（RFあり）,なみのり,Surf
ヤドラン-rfあり,ヤドラン（RFあり）,ねっとう,Scald
ヤドラン-rfあり,ヤドラン（RFあり）,サイコキネシス,Psychic
ヤドラン-rfあり,ヤドラン（RFあり）,サイコショック,Psyshock
ヤドラン-rfあり,ヤドラン（RFあり）,サイコノイズ,サイコノイズ
ヤドラン-rfあり,ヤドラン（RFあり）,だいもんじ,Fire blast
ヤドラン-rfあり,ヤドラン（RFあり）,かえんほうしゃ,Flamethrower
ヤドラン-rfあり,ヤドラン（RFあり）,れいとうビーム,Ice beam
ヤドラン-rfあり,ヤドラン（RFあり）,ふぶき,Blizzard
ヤドラン-rfあり,ヤドラン（RFあり）,くさむすび,Grass knot
ヤドラン-rfあり,ヤドラン（RFあり）,きあいだま,Focus blast
ヤドラン-rfあり,ヤドラン（RFあり）,物理技,物理技
ヤドラン-rfあり,ヤドラン（RFあり）,ボディプレス,Body press
ヤドラン-rfあり,ヤドラン（RFあり）,イカサマ,Foul play
ヤドラン-rfあり,ヤドラン（RFあり）,変化技,変化技
ヤドラン-rfあり,ヤドラン（RFあり）,なまける,Slack off
ヤドラン-rfあり,ヤドラン（RFあり）,でんじは,Thunder wave
ヤドラン-rfあり,ヤドラン（RFあり）,あくび,Yawn
ヤドラン-rfあり,ヤドラン（RFあり）,トリックルーム,Trick room
ヤドラン-rfあり,ヤドラン（RFあり）,てっぺき,Iron defense
ヤドラン-rfあり,ヤドラン（RFあり）,ドわすれ,Amnesia
ヤドラン-rfあり,ヤドラン（RFあり）,わるだくみ,Nasty plot
ヤドラン-rfあり,ヤドラン（RFあり）,めいそう,Calm mind
ヤドラン-rfあり,ヤドラン（RFあり）,いやしのはどう,Heal pulse
ヤドラン-rfあり,ヤドラン（RFあり）,トリック,Trick
ヤドラン-rfあり,ヤドラン（RFあり）,ひやみず,Chilling water
メガヤドラン,メガヤドラン,第一,第一
メガヤドラン,メガヤドラン,第五,第五
メガヤドラン,メガヤドラン,第九,第九
メガヤドラン,メガヤドラン,メガシンカ,メガシンカ
メガヤドラン,メガヤドラン,ヤドラン,ヤドラン
メガヤドラン,メガヤドラン,メガヤドラン,メガヤドラン
メガヤドラン,メガヤドラン,分岐・ガラル,分岐・ガラル
メガヤドラン,メガヤドラン,Gヤドラン,Gヤドラン
メガヤドラン,メガヤドラン,ヤドキング,ヤドキング
メガヤドラン,メガヤドラン,Gヤドキング,Gヤドキング
メガヤドラン,メガヤドラン,ばつぐん,ばつぐん
メガヤドラン,メガヤドラン,いまひとつ,いまひとつ
メガヤドラン,メガヤドラン,こうかなし,こうかなし
メガヤドラン,メガヤドラン,配分,配分
メガヤドラン,メガヤドラン,HC特化,HC特化
メガヤドラン,メガヤドラン,HB耐久,HB耐久
メガヤドラン,メガヤドラン,特殊技,特殊技
メガヤドラン,メガヤドラン,ハイドロポンプ,Hydro pump
メガヤドラン,メガヤドラン,なみのり,Surf
メガヤドラン,メガヤドラン,ねっとう,Scald
メガヤドラン,メガヤドラン,サイコキネシス,Psychic
メガヤドラン,メガヤドラン,サイコショック,Psyshock
メガヤドラン,メガヤドラン,サイコノイズ,サイコノイズ
メガヤドラン,メガヤドラン,だいもんじ,Fire blast
メガヤドラン,メガヤドラン,かえんほうしゃ,Flamethrower
メガヤドラン,メガヤドラン,れいとうビーム,Ice beam
メガヤドラン,メガヤドラン,ふぶき,Blizzard
メガヤドラン,メガヤドラン,くさむすび,Grass knot
メガヤドラン,メガヤドラン,きあいだま,Focus blast
メガヤドラン,メガヤドラン,物理技,物理技
メガヤドラン,メガヤドラン,ボディプレス,Body press
メガヤドラン,メガヤドラン,イカサマ,Foul play
メガヤドラン,メガヤドラン,変化技,変化技
メガヤドラン,メガヤドラン,なまける,Slack off
メガヤドラン,メガヤドラン,でんじは,Thunder wave
メガヤドラン,メガヤドラン,あくび,Yawn
メガヤドラン,メガヤドラン,トリックルーム,Trick room
メガヤドラン,メガヤドラン,てっぺき,Iron defense
メガヤドラン,メガヤドラン,ドわすれ,Amnesia
メガヤドラン,メガヤドラン,わるだくみ,Nasty plot
メガヤドラン,メガヤドラン,めいそう,Calm mind
メガヤドラン,メガヤドラン,いやしのはどう,Heal pulse
メガヤドラン,メガヤドラン,トリック,Trick
メガヤドラン,メガヤドラン,ひやみず,Chilling water
ゲンガー,ゲンガー,第一,第一
ゲンガー,ゲンガー,第五,第五
ゲンガー,ゲンガー,第九,第九
ゲンガー,ゲンガー,メガシンカ,メガシンカ
ゲンガー,ゲンガー,ゲンガー,ゲンガー
ゲンガー,ゲンガー,メガゲンガー,メガゲンガー
ゲンガー,ゲンガー,高速みちづれ使い,高速みちづれ使い
ゲンガー,ゲンガー,ユキメノコ,ユキメノコ
ゲンガー,ゲンガー,メガジュペッタ,メガジュペッタ
ゲンガー,ゲンガー,ばつぐん,ばつぐん
ゲンガー,ゲンガー,いまひとつ,いまひとつ
ゲンガー,ゲンガー,こうかなし,こうかなし
ゲンガー,ゲンガー,配分,配分
ゲンガー,ゲンガー,CS最速,CS最速
ゲンガー,ゲンガー,HS最速,HS最速
ゲンガー,ゲンガー,特殊技,特殊技
ゲンガー,ゲンガー,シャドーボール,Shadow ball
ゲンガー,ゲンガー,たたりめ,Hex
ゲンガー,ゲンガー,ヘドロウェーブ,Sludge wave
ゲンガー,ゲンガー,ヘドロばくだん,Sludge bomb
ゲンガー,ゲンガー,クリアスモッグ,Clear smog
ゲンガー,ゲンガー,アシッドボム,Acid spray
ゲンガー,ゲンガー,きあいだま,Focus blast
ゲンガー,ゲンガー,マジカルシャイン,Dazzling gleam
ゲンガー,ゲンガー,エナジーボール,Energy ball
ゲンガー,ゲンガー,ギガドレイン,Giga drain
ゲンガー,ゲンガー,こごえるかぜ,Icy wind
ゲンガー,ゲンガー,10まんボルト,10まんボルト
ゲンガー,ゲンガー,かみなり,Thunder
ゲンガー,ゲンガー,サイコキネシス,Psychic
ゲンガー,ゲンガー,サイコノイズ,サイコノイズ
ゲンガー,ゲンガー,ゆめくい,Dream eater
ゲンガー,ゲンガー,物理技,物理技
ゲンガー,ゲンガー,イカサマ,Foul play
ゲンガー,ゲンガー,ふいうち,Sucker punch
ゲンガー,ゲンガー,きあいパンチ,Focus punch
ゲンガー,ゲンガー,変化技,変化技
ゲンガー,ゲンガー,みちづれ,Destiny bond
ゲンガー,ゲンガー,おにび,Will-o-wisp
ゲンガー,ゲンガー,でんじは,Thunder wave
ゲンガー,ゲンガー,どくどく,Toxic
ゲンガー,ゲンガー,どくびし,Toxic spikes
ゲンガー,ゲンガー,さいみんじゅつ,Hypnosis
ゲンガー,ゲンガー,のろい,Curse
ゲンガー,ゲンガー,わるだくみ,Nasty plot
ゲンガー,ゲンガー,トリック,Trick
ゲンガー,ゲンガー,ほろびのうた,Perish song
ゲンガー,ゲンガー,かなしばり,Disable
ゲンガー,ゲンガー,ちょうはつ,Taunt
ゲンガー,ゲンガー,みがわり,Substitute
ゲンガー,ゲンガー,まもる,Protect
ゲンガー,ゲンガー,トリックルーム,Trick room
メガゲンガー,メガゲンガー,第一,第一
メガゲンガー,メガゲンガー,第五,第五
メガゲンガー,メガゲンガー,第九,第九
メガゲンガー,メガゲンガー,メガシンカ,メガシンカ
メガゲンガー,メガゲンガー,ゲンガー,ゲンガー
メガゲンガー,メガゲンガー,メガゲンガー,メガゲンガー
メガゲンガー,メガゲンガー,高速みちづれ使い,高速みちづれ使い
メガゲンガー,メガゲンガー,ユキメノコ,ユキメノコ
メガゲンガー,メガゲンガー,メガジュペッタ,メガジュペッタ
メガゲンガー,メガゲンガー,ばつぐん,ばつぐん
メガゲンガー,メガゲンガー,いまひとつ,いまひとつ
メガゲンガー,メガゲンガー,こうかなし,こうかなし
メガゲンガー,メガゲンガー,配分,配分
メガゲンガー,メガゲンガー,CS最速,CS最速
メガゲンガー,メガゲンガー,HS最速,HS最速
メガゲンガー,メガゲンガー,特殊技,特殊技
メガゲンガー,メガゲンガー,シャドーボール,Shadow ball
メガゲンガー,メガゲンガー,たたりめ,Hex
メガゲンガー,メガゲンガー,ヘドロウェーブ,Sludge wave
メガゲンガー,メガゲンガー,ヘドロばくだん,Sludge bomb
メガゲンガー,メガゲンガー,クリアスモッグ,Clear smog
メガゲンガー,メガゲンガー,アシッドボム,Acid spray
メガゲンガー,メガゲンガー,きあいだま,Focus blast
メガゲンガー,メガゲンガー,マジカルシャイン,Dazzling gleam
メガゲンガー,メガゲンガー,エナジーボール,Energy ball
メガゲンガー,メガゲンガー,ギガドレイン,Giga drain
メガゲンガー,メガゲンガー,こごえるかぜ,Icy wind
メガゲンガー,メガゲンガー,10まんボルト,10まんボルト
メガゲンガー,メガゲンガー,かみなり,Thunder
メガゲンガー,メガゲンガー,サイコキネシス,Psychic
メガゲンガー,メガゲンガー,サイコノイズ,サイコノイズ
メガゲンガー,メガゲンガー,ゆめくい,Dream eater
メガゲンガー,メガゲンガー,物理技,物理技
メガゲンガー,メガゲンガー,イカサマ,Foul play
メガゲンガー,メガゲンガー,ふいうち,Sucker punch
メガゲンガー,メガゲンガー,きあいパンチ,Focus punch
メガゲンガー,メガゲンガー,変化技,変化技
メガゲンガー,メガゲンガー,みちづれ,Destiny bond
メガゲンガー,メガゲンガー,おにび,Will-o-wisp
メガゲンガー,メガゲンガー,でんじは,Thunder wave
メガゲンガー,メガゲンガー,どくどく,Toxic
メガゲンガー,メガゲンガー,どくびし,Toxic spikes
メガゲンガー,メガゲンガー,さいみんじゅつ,Hypnosis
メガゲンガー,メガゲンガー,のろい,Curse
メガゲンガー,メガゲンガー,わるだくみ,Nasty plot
メガゲンガー,メガゲンガー,トリック,Trick
メガゲンガー,メガゲンガー,ほろびのうた,Perish song
メガゲンガー,メガゲンガー,かなしばり,Disable
メガゲンガー,メガゲンガー,ちょうはつ,Taunt
メガゲンガー,メガゲンガー,みがわり,Substitute
メガゲンガー,メガゲンガー,まもる,Protect
メガゲンガー,メガゲンガー,トリックルーム,Trick room
ガルーラ,ガルーラ,第一,第一
ガルーラ,ガルーラ,第五,第五
ガルーラ,ガルーラ,第九,第九
ガルーラ,ガルーラ,メガシンカ,メガシンカ
ガルーラ,ガルーラ,ガルーラ,ガルーラ
ガルーラ,ガルーラ,メガガルーラ,メガガルーラ
ガルーラ,ガルーラ,ばつぐん,ばつぐん
ガルーラ,ガルーラ,いまひとつ,いまひとつ
ガルーラ,ガルーラ,こうかなし,こうかなし
ガルーラ,ガルーラ,配分,配分
ガルーラ,ガルーラ,AS最速,AS最速
ガルーラ,ガルーラ,HA物理,HA物理
ガルーラ,ガルーラ,物理技,物理技
ガルーラ,ガルーラ,すてみタックル,Double-edge
ガルーラ,ガルーラ,とっておき,Last resort
ガルーラ,ガルーラ,メガトンキック,Mega kick
ガルーラ,ガルーラ,のしかかり,Body slam
ガルーラ,ガルーラ,ねこだまし,Fake out
ガルーラ,ガルーラ,からげんき,Facade
ガルーラ,ガルーラ,じしん,Earthquake
ガルーラ,ガルーラ,けたぐり,Low kick
ガルーラ,ガルーラ,かわらわり,Brick break
ガルーラ,ガルーラ,ドレインパンチ,Drain punch
ガルーラ,ガルーラ,ともえなげ,Circle throw
ガルーラ,ガルーラ,シャドークロー,Shadow claw
ガルーラ,ガルーラ,かみくだく,Crunch
ガルーラ,ガルーラ,ふいうち,Sucker punch
ガルーラ,ガルーラ,ふくろだたき,Beat up
ガルーラ,ガルーラ,アイアンテール,Iron tail
ガルーラ,ガルーラ,れいとうパンチ,Ice punch
ガルーラ,ガルーラ,ほのおのパンチ,Fire punch
ガルーラ,ガルーラ,かみなりパンチ,Thunder punch
ガルーラ,ガルーラ,いわなだれ,Rock slide
ガルーラ,ガルーラ,がんせきふうじ,Rock tomb
ガルーラ,ガルーラ,カウンター,Counter
ガルーラ,ガルーラ,がむしゃら,Endeavor
ガルーラ,ガルーラ,変化技,変化技
ガルーラ,ガルーラ,こらえる,Endure
ガルーラ,ガルーラ,みがわり,Substitute
ガルーラ,ガルーラ,かなしばり,Disable
ガルーラ,ガルーラ,条件,条件
メガガルーラ,メガガルーラ,第一,第一
メガガルーラ,メガガルーラ,第五,第五
メガガルーラ,メガガルーラ,第九,第九
メガガルーラ,メガガルーラ,メガシンカ,メガシンカ
メガガルーラ,メガガルーラ,ガルーラ,ガルーラ
メガガルーラ,メガガルーラ,メガガルーラ,メガガルーラ
メガガルーラ,メガガルーラ,ばつぐん,ばつぐん
メガガルーラ,メガガルーラ,いまひとつ,いまひとつ
メガガルーラ,メガガルーラ,こうかなし,こうかなし
メガガルーラ,メガガルーラ,配分,配分
メガガルーラ,メガガルーラ,AS最速,AS最速
メガガルーラ,メガガルーラ,HA物理,HA物理
メガガルーラ,メガガルーラ,物理技,物理技
メガガルーラ,メガガルーラ,すてみタックル,Double-edge
メガガルーラ,メガガルーラ,とっておき,Last resort
メガガルーラ,メガガルーラ,メガトンキック,Mega kick
メガガルーラ,メガガルーラ,のしかかり,Body slam
メガガルーラ,メガガルーラ,ねこだまし,Fake out
メガガルーラ,メガガルーラ,からげんき,Facade
メガガルーラ,メガガルーラ,じしん,Earthquake
メガガルーラ,メガガルーラ,けたぐり,Low kick
メガガルーラ,メガガルーラ,かわらわり,Brick break
メガガルーラ,メガガルーラ,ドレインパンチ,Drain punch
メガガルーラ,メガガルーラ,ともえなげ,Circle throw
メガガルーラ,メガガルーラ,シャドークロー,Shadow claw
メガガルーラ,メガガルーラ,かみくだく,Crunch
メガガルーラ,メガガルーラ,ふいうち,Sucker punch
メガガルーラ,メガガルーラ,ふくろだたき,Beat up
メガガルーラ,メガガルーラ,アイアンテール,Iron tail
メガガルーラ,メガガルーラ,れいとうパンチ,Ice punch
メガガルーラ,メガガルーラ,ほのおのパンチ,Fire punch
メガガルーラ,メガガルーラ,かみなりパンチ,Thunder punch
メガガルーラ,メガガルーラ,いわなだれ,Rock slide
メガガルーラ,メガガルーラ,がんせきふうじ,Rock tomb
メガガルーラ,メガガルーラ,カウンター,Counter
メガガルーラ,メガガルーラ,がむしゃら,Endeavor
メガガルーラ,メガガルーラ,変化技,変化技
メガガルーラ,メガガルーラ,こらえる,Endure
メガガルーラ,メガガルーラ,みがわり,Substitute
メガガルーラ,メガガルーラ,かなしばり,Disable
メガガルーラ,メガガルーラ,条件,条件
スターミー,スターミー,第一,第一
スターミー,スターミー,第五,第五
スターミー,スターミー,第九,第九
スターミー,スターミー,高速両刀水,高速両刀水
スターミー,スターミー,スターミー,スターミー
スターミー,スターミー,メガスターミー,メガスターミー
スターミー,スターミー,ゲッコウガ,ゲッコウガ
スターミー,スターミー,メガゲッコウガ,メガゲッコウガ
スターミー,スターミー,ばつぐん,ばつぐん
スターミー,スターミー,いまひとつ,いまひとつ
スターミー,スターミー,こうかなし,こうかなし
スターミー,スターミー,配分,配分
スターミー,スターミー,AS最速,AS最速
スターミー,スターミー,CS最速,CS最速
スターミー,スターミー,HS最速,HS最速
スターミー,スターミー,物理技,物理技
スターミー,スターミー,アクアブレイク,Liquidation
スターミー,スターミー,たきのぼり,Waterfall
スターミー,スターミー,アクアジェット,Aqua jet
スターミー,スターミー,しねんのずつき,Zen headbutt
スターミー,スターミー,サイコカッター,Psycho cut
スターミー,スターミー,クイックターン,Flip turn
スターミー,スターミー,アイススピナー,Ice spinner
スターミー,スターミー,じばく,Self-destruct
スターミー,スターミー,こうそくスピン,Rapid spin
スターミー,スターミー,特殊技,特殊技
スターミー,スターミー,ハイドロポンプ,Hydro pump
スターミー,スターミー,なみのり,Surf
スターミー,スターミー,ねっとう,Scald
スターミー,スターミー,サイコキネシス,Psychic
スターミー,スターミー,サイコショック,Psyshock
スターミー,スターミー,ワイドフォース,Expanding force
スターミー,スターミー,れいとうビーム,Ice beam
スターミー,スターミー,こごえるかぜ,Icy wind
スターミー,スターミー,ふぶき,Blizzard
スターミー,スターミー,10まんボルト,10まんボルト
スターミー,スターミー,かみなり,Thunder
スターミー,スターミー,くさむすび,Grass knot
スターミー,スターミー,マジカルシャイン,Dazzling gleam
スターミー,スターミー,変化技,変化技
スターミー,スターミー,ビルドアップ,Bulk up
スターミー,スターミー,コスモパワー,Cosmic power
スターミー,スターミー,ちいさくなる,Minimize
スターミー,スターミー,トリック,Trick
スターミー,スターミー,みがわり,Substitute
スターミー,スターミー,じこさいせい,Recover
スターミー,スターミー,ひかりのかべ,Light screen
スターミー,スターミー,リフレクター,Reflect
スターミー,スターミー,スキルスワップ,Skill swap
スターミー,スターミー,パワージェム,Power gem
スターミー,スターミー,メテオビーム,Meteor beam
スターミー,スターミー,ラスターカノン,Flash cannon
スターミー,スターミー,でんじは,Thunder wave
スターミー,スターミー,こうそくいどう,Agility
スターミー,スターミー,じゅうりょく,Gravity
メガスターミー,メガスターミー,第一,第一
メガスターミー,メガスターミー,第五,第五
メガスターミー,メガスターミー,第九,第九
メガスターミー,メガスターミー,高速両刀水,高速両刀水
メガスターミー,メガスターミー,スターミー,スターミー
メガスターミー,メガスターミー,メガスターミー,メガスターミー
メガスターミー,メガスターミー,ゲッコウガ,ゲッコウガ
メガスターミー,メガスターミー,メガゲッコウガ,メガゲッコウガ
メガスターミー,メガスターミー,ばつぐん,ばつぐん
メガスターミー,メガスターミー,いまひとつ,いまひとつ
メガスターミー,メガスターミー,こうかなし,こうかなし
メガスターミー,メガスターミー,配分,配分
メガスターミー,メガスターミー,AS最速,AS最速
メガスターミー,メガスターミー,CS最速,CS最速
メガスターミー,メガスターミー,HS最速,HS最速
メガスターミー,メガスターミー,物理技,物理技
メガスターミー,メガスターミー,アクアブレイク,Liquidation
メガスターミー,メガスターミー,たきのぼり,Waterfall
メガスターミー,メガスターミー,アクアジェット,Aqua jet
メガスターミー,メガスターミー,しねんのずつき,Zen headbutt
メガスターミー,メガスターミー,サイコカッター,Psycho cut
メガスターミー,メガスターミー,クイックターン,Flip turn
メガスターミー,メガスターミー,アイススピナー,Ice spinner
メガスターミー,メガスターミー,じばく,Self-destruct
メガスターミー,メガスターミー,こうそくスピン,Rapid spin
メガスターミー,メガスターミー,特殊技,特殊技
メガスターミー,メガスターミー,ハイドロポンプ,Hydro pump
メガスターミー,メガスターミー,なみのり,Surf
メガスターミー,メガスターミー,ねっとう,Scald
メガスターミー,メガスターミー,サイコキネシス,Psychic
メガスターミー,メガスターミー,サイコショック,Psyshock
メガスターミー,メガスターミー,ワイドフォース,Expanding force
メガスターミー,メガスターミー,れいとうビーム,Ice beam
メガスターミー,メガスターミー,こごえるかぜ,Icy wind
メガスターミー,メガスターミー,ふぶき,Blizzard
メガスターミー,メガスターミー,10まんボルト,10まんボルト
メガスターミー,メガスターミー,かみなり,Thunder
メガスターミー,メガスターミー,くさむすび,Grass knot
メガスターミー,メガスターミー,マジカルシャイン,Dazzling gleam
メガスターミー,メガスターミー,変化技,変化技
メガスターミー,メガスターミー,ビルドアップ,Bulk up
メガスターミー,メガスターミー,コスモパワー,Cosmic power
メガスターミー,メガスターミー,ちいさくなる,Minimize
メガスターミー,メガスターミー,トリック,Trick
メガスターミー,メガスターミー,みがわり,Substitute
メガスターミー,メガスターミー,じこさいせい,Recover
メガスターミー,メガスターミー,ひかりのかべ,Light screen
メガスターミー,メガスターミー,リフレクター,Reflect
メガスターミー,メガスターミー,スキルスワップ,Skill swap
メガスターミー,メガスターミー,パワージェム,Power gem
メガスターミー,メガスターミー,メテオビーム,Meteor beam
メガスターミー,メガスターミー,ラスターカノン,Flash cannon
メガスターミー,メガスターミー,でんじは,Thunder wave
メガスターミー,メガスターミー,こうそくいどう,Agility
メガスターミー,メガスターミー,じゅうりょく,Gravity
カイロス,カイロス,第一,第一
カイロス,カイロス,第五,第五
カイロス,カイロス,第九,第九
カイロス,カイロス,カイロス,カイロス
カイロス,カイロス,メガカイロス,メガカイロス
カイロス,カイロス,物理虫+格闘技,物理虫+格闘技
カイロス,カイロス,ヘラクロス,ヘラクロス
カイロス,カイロス,ばつぐん,ばつぐん
カイロス,カイロス,いまひとつ,いまひとつ
カイロス,カイロス,こうかなし,こうかなし
カイロス,カイロス,配分,配分
カイロス,カイロス,AS最速,AS最速
カイロス,カイロス,HA物理,HA物理
カイロス,カイロス,物理技,物理技
カイロス,カイロス,とびかかる,Lunge
カイロス,カイロス,とびつく,Pounce
カイロス,カイロス,あばれる,Thrash
カイロス,カイロス,のしかかり,Body slam
カイロス,カイロス,からげんき,Facade
カイロス,カイロス,ダブルアタック,Double hit
カイロス,カイロス,でんこうせっか,Quick attack
カイロス,カイロス,フェイント,Feint
カイロス,カイロス,じしん,Earthquake
カイロス,カイロス,10まんばりき,10まんばりき
カイロス,カイロス,インファイト,Close combat
カイロス,カイロス,やまあらし,Storm throw
カイロス,カイロス,ストーンエッジ,Stone edge
カイロス,カイロス,いわなだれ,Rock slide
カイロス,カイロス,ハサミギロチン,Guillotine
カイロス,カイロス,変化技,変化技
カイロス,カイロス,つるぎのまい,Swords dance
カイロス,カイロス,ビルドアップ,Bulk up
カイロス,カイロス,ステルスロック,Stealth rock
カイロス,カイロス,ギガインパクト,Giga impact
カイロス,カイロス,じたばた,Flail
カイロス,カイロス,がんせきふうじ,Rock tomb
カイロス,カイロス,つばめがえし,Aerial ace
カイロス,カイロス,じごくづき,Throat chop
カイロス,カイロス,てっぺき,Iron defense
メガカイロス,メガカイロス,第一,第一
メガカイロス,メガカイロス,第五,第五
メガカイロス,メガカイロス,第九,第九
メガカイロス,メガカイロス,カイロス,カイロス
メガカイロス,メガカイロス,メガカイロス,メガカイロス
メガカイロス,メガカイロス,物理虫+格闘技,物理虫+格闘技
メガカイロス,メガカイロス,ヘラクロス,ヘラクロス
メガカイロス,メガカイロス,ばつぐん,ばつぐん
メガカイロス,メガカイロス,いまひとつ,いまひとつ
メガカイロス,メガカイロス,こうかなし,こうかなし
メガカイロス,メガカイロス,配分,配分
メガカイロス,メガカイロス,AS最速,AS最速
メガカイロス,メガカイロス,HA物理,HA物理
メガカイロス,メガカイロス,物理技,物理技
メガカイロス,メガカイロス,とびかかる,Lunge
メガカイロス,メガカイロス,とびつく,Pounce
メガカイロス,メガカイロス,あばれる,Thrash
メガカイロス,メガカイロス,のしかかり,Body slam
メガカイロス,メガカイロス,からげんき,Facade
メガカイロス,メガカイロス,ダブルアタック,Double hit
メガカイロス,メガカイロス,でんこうせっか,Quick attack
メガカイロス,メガカイロス,フェイント,Feint
メガカイロス,メガカイロス,じしん,Earthquake
メガカイロス,メガカイロス,10まんばりき,10まんばりき
メガカイロス,メガカイロス,インファイト,Close combat
メガカイロス,メガカイロス,やまあらし,Storm throw
メガカイロス,メガカイロス,ストーンエッジ,Stone edge
メガカイロス,メガカイロス,いわなだれ,Rock slide
メガカイロス,メガカイロス,ハサミギロチン,Guillotine
メガカイロス,メガカイロス,変化技,変化技
メガカイロス,メガカイロス,つるぎのまい,Swords dance
メガカイロス,メガカイロス,ビルドアップ,Bulk up
メガカイロス,メガカイロス,ステルスロック,Stealth rock
メガカイロス,メガカイロス,ギガインパクト,Giga impact
メガカイロス,メガカイロス,じたばた,Flail
メガカイロス,メガカイロス,がんせきふうじ,Rock tomb
メガカイロス,メガカイロス,つばめがえし,Aerial ace
メガカイロス,メガカイロス,じごくづき,Throat chop
メガカイロス,メガカイロス,てっぺき,Iron defense
ケンタロス-rfあり,ケンタロス（RFあり）,第一,第一
ケンタロス-rfあり,ケンタロス（RFあり）,第五,第五
ケンタロス-rfあり,ケンタロス（RFあり）,第九,第九
ケンタロス-rfあり,ケンタロス（RFあり）,原種/リージョン,原種/リージョン
ケンタロス-rfあり,ケンタロス（RFあり）,ケンタロス,ケンタロス
ケンタロス-rfあり,ケンタロス（RFあり）,Pケンタロス,Pケンタロス
ケンタロス-rfあり,ケンタロス（RFあり）,ばつぐん,ばつぐん
ケンタロス-rfあり,ケンタロス（RFあり）,いまひとつ,いまひとつ
ケンタロス-rfあり,ケンタロス（RFあり）,こうかなし,こうかなし
ケンタロス-rfあり,ケンタロス（RFあり）,配分,配分
ケンタロス-rfあり,ケンタロス（RFあり）,AS最速,AS最速
ケンタロス-rfあり,ケンタロス（RFあり）,物理技,物理技
ケンタロス-rfあり,ケンタロス（RFあり）,レイジングブル,Raging bull
ケンタロス-rfあり,ケンタロス（RFあり）,のしかかり,Body slam
ケンタロス-rfあり,ケンタロス（RFあり）,すてみタックル,Double-edge
ケンタロス-rfあり,ケンタロス（RFあり）,インファイト,Close combat
ケンタロス-rfあり,ケンタロス（RFあり）,じしん,Earthquake
ケンタロス-rfあり,ケンタロス（RFあり）,10まんばりき,10まんばりき
ケンタロス-rfあり,ケンタロス（RFあり）,じごくづき,Throat chop
ケンタロス-rfあり,ケンタロス（RFあり）,ストーンエッジ,Stone edge
ケンタロス-rfあり,ケンタロス（RFあり）,いわなだれ,Rock slide
ケンタロス-rfあり,ケンタロス（RFあり）,ワイルドボルト,Wild charge
ケンタロス-rfあり,ケンタロス（RFあり）,アイアンヘッド,Iron head
ケンタロス-rfあり,ケンタロス（RFあり）,しねんのずつき,Zen headbutt
ケンタロス-rfあり,ケンタロス（RFあり）,くさわけ,Trailblaze
ケンタロス-rfあり,ケンタロス（RFあり）,変化技,変化技
ケンタロス-rfあり,ケンタロス（RFあり）,みがわり,Substitute
ケンタロス-rfあり,ケンタロス（RFあり）,じだんだ,Stomping tantrum
ケンタロス-rfあり,ケンタロス（RFあり）,じならし,Bulldoze
ケンタロス-rfあり,ケンタロス（RFあり）,がんせきふうじ,Rock tomb
ケンタロス-rfあり,ケンタロス（RFあり）,げきりん,Outrage
ケンタロス-rfあり,ケンタロス（RFあり）,特殊技,特殊技
ケンタロス-rfあり,ケンタロス（RFあり）,だいもんじ,Fire blast
ケンタロス-rfあり,ケンタロス（RFあり）,かみなり,Thunder
ケンタロス-rfあり,ケンタロス（RFあり）,れいとうビーム,Ice beam
ケンタロス-rfあり,ケンタロス（RFあり）,ふぶき,Blizzard
ケンタロス-rfあり,ケンタロス（RFあり）,こごえるかぜ,Icy wind
ケンタロス-rfあり,ケンタロス（RFあり）,なみのり,Surf
ケンタロス-rfあり,ケンタロス（RFあり）,こわいかお,Scary face
ギャラドス,ギャラドス,第一,第一
ギャラドス,ギャラドス,第五,第五
ギャラドス,ギャラドス,第九,第九
ギャラドス,ギャラドス,メガシンカ,メガシンカ
ギャラドス,ギャラドス,ギャラドス,ギャラドス
ギャラドス,ギャラドス,メガギャラドス,メガギャラドス
ギャラドス,ギャラドス,水×飛行,水×飛行
ギャラドス,ギャラドス,ペリッパー,ペリッパー
ギャラドス,ギャラドス,水・悪メガ,水・悪メガ
ギャラドス,ギャラドス,メガサメハダー,メガサメハダー
ギャラドス,ギャラドス,メガゲッコウガ,メガゲッコウガ
ギャラドス,ギャラドス,ばつぐん,ばつぐん
ギャラドス,ギャラドス,いまひとつ,いまひとつ
ギャラドス,ギャラドス,こうかなし,こうかなし
ギャラドス,ギャラドス,配分,配分
ギャラドス,ギャラドス,AS最速,AS最速
ギャラドス,ギャラドス,物理技,物理技
ギャラドス,ギャラドス,アクアテール,Aqua tail
ギャラドス,ギャラドス,たきのぼり,Waterfall
ギャラドス,ギャラドス,じしん,Earthquake
ギャラドス,ギャラドス,こおりのキバ,Ice fang
ギャラドス,ギャラドス,ゆきなだれ,Avalanche
ギャラドス,ギャラドス,かみくだく,Crunch
ギャラドス,ギャラドス,パワーウィップ,Power whip
ギャラドス,ギャラドス,アイアンテール,Iron tail
ギャラドス,ギャラドス,アイアンヘッド,Iron head
ギャラドス,ギャラドス,ストーンエッジ,Stone edge
ギャラドス,ギャラドス,やけっぱち,やけっぱち
ギャラドス,ギャラドス,変化技,変化技
ギャラドス,ギャラドス,りゅうのまい,Dragon dance
ギャラドス,ギャラドス,ちょうはつ,Taunt
ギャラドス,ギャラドス,ほえる,Roar
ギャラドス,ギャラドス,みがわり,Substitute
ギャラドス,ギャラドス,でんじは,Thunder wave
ギャラドス,ギャラドス,とびはねる,Bounce
ギャラドス,ギャラドス,じならし,Bulldoze
ギャラドス,ギャラドス,げきりん,Outrage
ギャラドス,ギャラドス,ドラゴンテール,Dragon tail
ギャラドス,ギャラドス,スケイルショット,Scale shot
ギャラドス,ギャラドス,特殊技,特殊技
ギャラドス,ギャラドス,ハイドロポンプ,Hydro pump
ギャラドス,ギャラドス,なみのり,Surf
ギャラドス,ギャラドス,だくりゅう,Muddy water
ギャラドス,ギャラドス,ぼうふう,Hurricane
ギャラドス,ギャラドス,だいもんじ,Fire blast
ギャラドス,ギャラドス,ふぶき,Blizzard
ギャラドス,ギャラドス,かみなり,Thunder
ギャラドス,ギャラドス,ひやみず,Chilling water
ギャラドス,ギャラドス,こごえるかぜ,Icy wind
ギャラドス,ギャラドス,ねむる,Rest
メガギャラドス,メガギャラドス,第一,第一
メガギャラドス,メガギャラドス,第五,第五
メガギャラドス,メガギャラドス,第九,第九
メガギャラドス,メガギャラドス,メガシンカ,メガシンカ
メガギャラドス,メガギャラドス,ギャラドス,ギャラドス
メガギャラドス,メガギャラドス,メガギャラドス,メガギャラドス
メガギャラドス,メガギャラドス,水×飛行,水×飛行
メガギャラドス,メガギャラドス,ペリッパー,ペリッパー
メガギャラドス,メガギャラドス,水・悪メガ,水・悪メガ
メガギャラドス,メガギャラドス,メガサメハダー,メガサメハダー
メガギャラドス,メガギャラドス,メガゲッコウガ,メガゲッコウガ
メガギャラドス,メガギャラドス,ばつぐん,ばつぐん
メガギャラドス,メガギャラドス,いまひとつ,いまひとつ
メガギャラドス,メガギャラドス,こうかなし,こうかなし
メガギャラドス,メガギャラドス,配分,配分
メガギャラドス,メガギャラドス,AS最速,AS最速
メガギャラドス,メガギャラドス,物理技,物理技
メガギャラドス,メガギャラドス,アクアテール,Aqua tail
メガギャラドス,メガギャラドス,たきのぼり,Waterfall
メガギャラドス,メガギャラドス,じしん,Earthquake
メガギャラドス,メガギャラドス,こおりのキバ,Ice fang
メガギャラドス,メガギャラドス,ゆきなだれ,Avalanche
メガギャラドス,メガギャラドス,かみくだく,Crunch
メガギャラドス,メガギャラドス,パワーウィップ,Power whip
メガギャラドス,メガギャラドス,アイアンテール,Iron tail
メガギャラドス,メガギャラドス,アイアンヘッド,Iron head
メガギャラドス,メガギャラドス,ストーンエッジ,Stone edge
メガギャラドス,メガギャラドス,やけっぱち,やけっぱち
メガギャラドス,メガギャラドス,変化技,変化技
メガギャラドス,メガギャラドス,りゅうのまい,Dragon dance
メガギャラドス,メガギャラドス,ちょうはつ,Taunt
メガギャラドス,メガギャラドス,ほえる,Roar
メガギャラドス,メガギャラドス,みがわり,Substitute
メガギャラドス,メガギャラドス,でんじは,Thunder wave
メガギャラドス,メガギャラドス,とびはねる,Bounce
メガギャラドス,メガギャラドス,じならし,Bulldoze
メガギャラドス,メガギャラドス,げきりん,Outrage
メガギャラドス,メガギャラドス,ドラゴンテール,Dragon tail
メガギャラドス,メガギャラドス,スケイルショット,Scale shot
メガギャラドス,メガギャラドス,特殊技,特殊技
メガギャラドス,メガギャラドス,ハイドロポンプ,Hydro pump
メガギャラドス,メガギャラドス,なみのり,Surf
メガギャラドス,メガギャラドス,だくりゅう,Muddy water
メガギャラドス,メガギャラドス,ぼうふう,Hurricane
メガギャラドス,メガギャラドス,だいもんじ,Fire blast
メガギャラドス,メガギャラドス,ふぶき,Blizzard
メガギャラドス,メガギャラドス,かみなり,Thunder
メガギャラドス,メガギャラドス,ひやみず,Chilling water
メガギャラドス,メガギャラドス,こごえるかぜ,Icy wind
メガギャラドス,メガギャラドス,ねむる,Rest
メタモン,メタモン,第一,第一
メタモン,メタモン,第五,第五
メタモン,メタモン,第九,第九
メタモン,メタモン,ポケモン,ポケモン
メタモン,メタモン,メタモン,メタモン
メタモン,メタモン,ばつぐん,ばつぐん
メタモン,メタモン,いまひとつ,いまひとつ
メタモン,メタモン,こうかなし,こうかなし
メタモン,メタモン,配分,配分
メタモン,メタモン,H振り,H振り
メタモン,メタモン,変化技,変化技
メタモン,メタモン,へんしん,Transform
メタモン,メタモン,もちもの,もちもの
メタモン,メタモン,こだわりスカーフ,こだわりスカーフ
メタモン,メタモン,きあいのタスキ,きあいのタスキ
メタモン,メタモン,せんせいのツメ,せんせいのツメ
メタモン,メタモン,いのちのたま,いのちのたま
メタモン,メタモン,ラムのみ,ラムのみ
メタモン,メタモン,オボンのみ,オボンのみ
メタモン,メタモン,ルームサービス,ルームサービス
メタモン,メタモン,ひかりのこな,ひかりのこな
メタモン,メタモン,レッドカード,レッドカード
メタモン,メタモン,とつげきチョッキ,とつげきチョッキ
メタモン,メタモン,しろいハーブ,しろいハーブ
シャワーズ,シャワーズ,第一,第一
シャワーズ,シャワーズ,第五,第五
シャワーズ,シャワーズ,第九,第九
シャワーズ,シャワーズ,高耐久単水,高耐久単水
シャワーズ,シャワーズ,シャワーズ,シャワーズ
シャワーズ,シャワーズ,ミロカロス,ミロカロス
シャワーズ,シャワーズ,ばつぐん,ばつぐん
シャワーズ,シャワーズ,いまひとつ,いまひとつ
シャワーズ,シャワーズ,こうかなし,こうかなし
シャワーズ,シャワーズ,配分,配分
シャワーズ,シャワーズ,BC特殊,BC特殊
シャワーズ,シャワーズ,HB耐久,HB耐久
シャワーズ,シャワーズ,特殊技,特殊技
シャワーズ,シャワーズ,ハイドロポンプ,Hydro pump
シャワーズ,シャワーズ,なみのり,Surf
シャワーズ,シャワーズ,ひやみず,Chilling water
シャワーズ,シャワーズ,ねっとう,Scald
シャワーズ,シャワーズ,だくりゅう,Muddy water
シャワーズ,シャワーズ,うずしお,Whirlpool
シャワーズ,シャワーズ,れいとうビーム,Ice beam
シャワーズ,シャワーズ,ふぶき,Blizzard
シャワーズ,シャワーズ,こごえるかぜ,Icy wind
シャワーズ,シャワーズ,シャドーボール,Shadow ball
シャワーズ,シャワーズ,みわくのボイス,みわくのボイス
シャワーズ,シャワーズ,ハイパーボイス,Hyper voice
シャワーズ,シャワーズ,アシストパワー,Stored power
シャワーズ,シャワーズ,どろかけ,Mud-slap
シャワーズ,シャワーズ,ウェザーボール,Weather ball
シャワーズ,シャワーズ,物理技,物理技
シャワーズ,シャワーズ,クイックターン,Flip turn
シャワーズ,シャワーズ,でんこうせっか,Quick attack
シャワーズ,シャワーズ,くさわけ,Trailblaze
シャワーズ,シャワーズ,変化技,変化技
シャワーズ,シャワーズ,あくび,Yawn
シャワーズ,シャワーズ,とける,Acid armor
シャワーズ,シャワーズ,めいそう,Calm mind
シャワーズ,シャワーズ,あまえる,Charm
シャワーズ,シャワーズ,アクアリング,Aqua ring
シャワーズ,シャワーズ,バトンタッチ,Baton pass
シャワーズ,シャワーズ,ねがいごと,Wish
シャワーズ,シャワーズ,ねむる,Rest
シャワーズ,シャワーズ,まもる,Protect
シャワーズ,シャワーズ,あまごい,Rain dance
シャワーズ,シャワーズ,くろいきり,Haze
シャワーズ,シャワーズ,てだすけ,Helping hand
シャワーズ,シャワーズ,ほえる,Roar
サンダース,サンダース,第一,第一
サンダース,サンダース,第五,第五
サンダース,サンダース,第九,第九
サンダース,サンダース,電気高速特殊AT,電気高速特殊AT
サンダース,サンダース,サンダース,サンダース
サンダース,サンダース,ライチュウ,ライチュウ
サンダース,サンダース,ばつぐん,ばつぐん
サンダース,サンダース,いまひとつ,いまひとつ
サンダース,サンダース,こうかなし,こうかなし
サンダース,サンダース,配分,配分
サンダース,サンダース,CS最速,CS最速
サンダース,サンダース,CS準速,CS準速
サンダース,サンダース,HS耐久,HS耐久
サンダース,サンダース,特殊技,特殊技
サンダース,サンダース,かみなり,Thunder
サンダース,サンダース,10まんボルト,10まんボルト
サンダース,サンダース,ほうでん,Discharge
サンダース,サンダース,ボルトチェンジ,Volt switch
サンダース,サンダース,エレキネット,Electroweb
サンダース,サンダース,みわくのボイス,みわくのボイス
サンダース,サンダース,シャドーボール,Shadow ball
サンダース,サンダース,アシストパワー,Stored power
サンダース,サンダース,ウェザーボール,Weather ball
サンダース,サンダース,ハイパーボイス,Hyper voice
サンダース,サンダース,物理技,物理技
サンダース,サンダース,でんこうせっか,Quick attack
サンダース,サンダース,くさわけ,Trailblaze
サンダース,サンダース,変化技,変化技
サンダース,サンダース,みがわり,Substitute
サンダース,サンダース,めいそう,Calm mind
サンダース,サンダース,こうそくいどう,Agility
サンダース,サンダース,バトンタッチ,Baton pass
サンダース,サンダース,あまごい,Rain dance
サンダース,サンダース,あくび,Yawn
サンダース,サンダース,でんじは,Thunder wave
サンダース,サンダース,ひかりのかべ,Light screen
サンダース,サンダース,あまえる,Charm
サンダース,サンダース,うそなき,Fake tears
サンダース,サンダース,ねがいごと,Wish
サンダース,サンダース,まもる,Protect
ブースター,ブースター,第一,第一
ブースター,ブースター,第五,第五
ブースター,ブースター,第九,第九
ブースター,ブースター,中速物理炎,中速物理炎
ブースター,ブースター,ブースター,ブースター
ブースター,ブースター,ウインディ,ウインディ
ブースター,ブースター,根性+空元気,根性+空元気
ブースター,ブースター,ヘラクロス,ヘラクロス
ブースター,ブースター,レントラー,レントラー
ブースター,ブースター,ばつぐん,ばつぐん
ブースター,ブースター,いまひとつ,いまひとつ
ブースター,ブースター,こうかなし,こうかなし
ブースター,ブースター,配分,配分
ブースター,ブースター,AS最速,AS最速
ブースター,ブースター,HA物理,HA物理
ブースター,ブースター,物理技,物理技
ブースター,ブースター,フレアドライブ,Flare blitz
ブースター,ブースター,やけっぱち,やけっぱち
ブースター,ブースター,ニトロチャージ,Flame charge
ブースター,ブースター,くさわけ,Trailblaze
ブースター,ブースター,ばかぢから,Superpower
ブースター,ブースター,すてみタックル,Double-edge
ブースター,ブースター,からげんき,Facade
ブースター,ブースター,のしかかり,Body slam
ブースター,ブースター,じたばた,Flail
ブースター,ブースター,でんこうせっか,Quick attack
ブースター,ブースター,かみつく,Bite
ブースター,ブースター,にどげり,Double kick
ブースター,ブースター,がむしゃら,Endeavor
ブースター,ブースター,特殊技,特殊技
ブースター,ブースター,オーバーヒート,Overheat
ブースター,ブースター,だいもんじ,Fire blast
ブースター,ブースター,かえんほうしゃ,Flamethrower
ブースター,ブースター,ふんえん,Lava plume
ブースター,ブースター,ほのおのうず,Fire spin
ブースター,ブースター,シャドーボール,Shadow ball
ブースター,ブースター,アシストパワー,Stored power
ブースター,ブースター,ウェザーボール,Weather ball
ブースター,ブースター,ねっさのだいち,Scorching sands
ブースター,ブースター,変化技,変化技
ブースター,ブースター,おにび,Will-o-wisp
ブースター,ブースター,あくび,Yawn
ブースター,ブースター,ねがいごと,Wish
ブースター,ブースター,まもる,Protect
ブースター,ブースター,あまえる,Charm
ブースター,ブースター,つぶらなひとみ,Baby-doll eyes
ブースター,ブースター,こわいかお,Scary face
ブースター,ブースター,バトンタッチ,Baton pass
ブースター,ブースター,めいそう,Calm mind
プテラ,プテラ,第一,第一
プテラ,プテラ,第五,第五
プテラ,プテラ,第九,第九
プテラ,プテラ,メガシンカ,メガシンカ
プテラ,プテラ,プテラ,プテラ
プテラ,プテラ,メガプテラ,メガプテラ
プテラ,プテラ,ばつぐん,ばつぐん
プテラ,プテラ,いまひとつ,いまひとつ
プテラ,プテラ,こうかなし,こうかなし
プテラ,プテラ,配分,配分
プテラ,プテラ,AS最速,AS最速
プテラ,プテラ,物理技,物理技
プテラ,プテラ,ストーンエッジ,Stone edge
プテラ,プテラ,いわなだれ,Rock slide
プテラ,プテラ,がんせきふうじ,Rock tomb
プテラ,プテラ,ロックブラスト,Rock blast
プテラ,プテラ,ダブルウイング,Dual wingbeat
プテラ,プテラ,じしん,Earthquake
プテラ,プテラ,サイコファング,Psychic fangs
プテラ,プテラ,こおりのキバ,Ice fang
プテラ,プテラ,ほのおのキバ,Fire fang
プテラ,プテラ,かみくだく,Crunch
プテラ,プテラ,アイアンヘッド,Iron head
プテラ,プテラ,アイアンテール,Iron tail
プテラ,プテラ,特殊技,特殊技
プテラ,プテラ,だいもんじ,Fire blast
プテラ,プテラ,変化技,変化技
プテラ,プテラ,ステルスロック,Stealth rock
プテラ,プテラ,りゅうのまい,Dragon dance
プテラ,プテラ,ちょうはつ,Taunt
プテラ,プテラ,ふきとばし,Whirlwind
プテラ,プテラ,おいかぜ,Tailwind
プテラ,プテラ,みがわり,Substitute
プテラ,プテラ,まもる,Protect
プテラ,プテラ,ワイドガード,Wide guard
プテラ,プテラ,つばめがえし,Aerial ace
プテラ,プテラ,ねっぷう,Heat wave
プテラ,プテラ,りんしょう,Round
メガプテラ,メガプテラ,第一,第一
メガプテラ,メガプテラ,第五,第五
メガプテラ,メガプテラ,第九,第九
メガプテラ,メガプテラ,メガシンカ,メガシンカ
メガプテラ,メガプテラ,プテラ,プテラ
メガプテラ,メガプテラ,メガプテラ,メガプテラ
メガプテラ,メガプテラ,ばつぐん,ばつぐん
メガプテラ,メガプテラ,いまひとつ,いまひとつ
メガプテラ,メガプテラ,こうかなし,こうかなし
メガプテラ,メガプテラ,配分,配分
メガプテラ,メガプテラ,AS最速,AS最速
メガプテラ,メガプテラ,物理技,物理技
メガプテラ,メガプテラ,ストーンエッジ,Stone edge
メガプテラ,メガプテラ,いわなだれ,Rock slide
メガプテラ,メガプテラ,がんせきふうじ,Rock tomb
メガプテラ,メガプテラ,ロックブラスト,Rock blast
メガプテラ,メガプテラ,ダブルウイング,Dual wingbeat
メガプテラ,メガプテラ,じしん,Earthquake
メガプテラ,メガプテラ,サイコファング,Psychic fangs
メガプテラ,メガプテラ,こおりのキバ,Ice fang
メガプテラ,メガプテラ,ほのおのキバ,Fire fang
メガプテラ,メガプテラ,かみくだく,Crunch
メガプテラ,メガプテラ,アイアンヘッド,Iron head
メガプテラ,メガプテラ,アイアンテール,Iron tail
メガプテラ,メガプテラ,特殊技,特殊技
メガプテラ,メガプテラ,だいもんじ,Fire blast
メガプテラ,メガプテラ,変化技,変化技
メガプテラ,メガプテラ,ステルスロック,Stealth rock
メガプテラ,メガプテラ,りゅうのまい,Dragon dance
メガプテラ,メガプテラ,ちょうはつ,Taunt
メガプテラ,メガプテラ,ふきとばし,Whirlwind
メガプテラ,メガプテラ,おいかぜ,Tailwind
メガプテラ,メガプテラ,みがわり,Substitute
メガプテラ,メガプテラ,まもる,Protect
メガプテラ,メガプテラ,ワイドガード,Wide guard
メガプテラ,メガプテラ,つばめがえし,Aerial ace
メガプテラ,メガプテラ,ねっぷう,Heat wave
メガプテラ,メガプテラ,りんしょう,Round
カビゴン,カビゴン,第一,第一
カビゴン,カビゴン,第五,第五
カビゴン,カビゴン,第九,第九
カビゴン,カビゴン,鈍足高耐久ノーマル,鈍足高耐久ノーマル
カビゴン,カビゴン,カビゴン,カビゴン
カビゴン,カビゴン,ヨクバリス,ヨクバリス
カビゴン,カビゴン,ばつぐん,ばつぐん
カビゴン,カビゴン,いまひとつ,いまひとつ
カビゴン,カビゴン,こうかなし,こうかなし
カビゴン,カビゴン,配分,配分
カビゴン,カビゴン,AB耐久,AB耐久
カビゴン,カビゴン,AD耐久,AD耐久
カビゴン,カビゴン,物理技,物理技
カビゴン,カビゴン,すてみタックル,Double-edge
カビゴン,カビゴン,のしかかり,Body slam
カビゴン,カビゴン,からげんき,Facade
カビゴン,カビゴン,ばかぢから,Superpower
カビゴン,カビゴン,アームハンマー,Hammer arm
カビゴン,カビゴン,じしん,Earthquake
カビゴン,カビゴン,10まんばりき,10まんばりき
カビゴン,カビゴン,いわなだれ,Rock slide
カビゴン,カビゴン,かみくだく,Crunch
カビゴン,カビゴン,れいとうパンチ,Ice punch
カビゴン,カビゴン,ほのおのパンチ,Fire punch
カビゴン,カビゴン,ヒートスタンプ,Heat crash
カビゴン,カビゴン,ヘビーボンバー,Heavy slam
カビゴン,カビゴン,ダストシュート,Gunk shot
カビゴン,カビゴン,じわれ,Fissure
カビゴン,カビゴン,カウンター,Counter
カビゴン,カビゴン,じばく,Self-destruct
カビゴン,カビゴン,変化技,変化技
カビゴン,カビゴン,あくび,Yawn
カビゴン,カビゴン,のろい,Curse
カビゴン,カビゴン,たくわえる,Stockpile
カビゴン,カビゴン,ドわすれ,Amnesia
カビゴン,カビゴン,ねむる,Rest
カビゴン,カビゴン,まもる,Protect
カビゴン,カビゴン,リサイクル,Recycle
カビゴン,カビゴン,はらだいこ,Belly drum
カビゴン,カビゴン,ほしがる,Covet
カビゴン,カビゴン,とっておき,Last resort
カビゴン,カビゴン,ボディプレス,Body press
カビゴン,カビゴン,じだんだ,Stomping tantrum
カビゴン,カビゴン,じならし,Bulldoze
カビゴン,カビゴン,がんせきふうじ,Rock tomb
カビゴン,カビゴン,アイアンヘッド,Iron head
カビゴン,カビゴン,サンダーダイブ,サンダーダイブ
カビゴン,カビゴン,ワイルドボルト,Wild charge
カビゴン,カビゴン,かみなりパンチ,Thunder punch
カビゴン,カビゴン,タネばくだん,Seed bomb
カビゴン,カビゴン,くさわけ,Trailblaze
カビゴン,カビゴン,げきりん,Outrage
カビゴン,カビゴン,特殊技,特殊技
カビゴン,カビゴン,こごえるかぜ,Icy wind
カビゴン,カビゴン,ひやみず,Chilling water
カビゴン,カビゴン,なみのり,Surf
カビゴン,カビゴン,アンコール,Encore
カビゴン,カビゴン,のみこむ,Swallow
カイリュー,カイリュー,第一,第一
カイリュー,カイリュー,第五,第五
カイリュー,カイリュー,第九,第九
カイリュー,カイリュー,竜/飛,竜/飛
カイリュー,カイリュー,カイリュー,カイリュー
カイリュー,カイリュー,メガカイリュー,メガカイリュー
カイリュー,カイリュー,チルタリス,チルタリス
カイリュー,カイリュー,ばつぐん,ばつぐん
カイリュー,カイリュー,いまひとつ,いまひとつ
カイリュー,カイリュー,こうかなし,こうかなし
カイリュー,カイリュー,配分,配分
カイリュー,カイリュー,CS最速,CS最速
カイリュー,カイリュー,HC特殊,HC特殊
カイリュー,カイリュー,AS最速,AS最速
カイリュー,カイリュー,AS準速,AS準速
カイリュー,カイリュー,HS調整,HS調整
カイリュー,カイリュー,物理技,物理技
カイリュー,カイリュー,げきりん,Outrage
カイリュー,カイリュー,ドラゴンクロー,Dragon claw
カイリュー,カイリュー,スケイルショット,Scale shot
カイリュー,カイリュー,ドラゴンテール,Dragon tail
カイリュー,カイリュー,しんそく,Extreme speed
カイリュー,カイリュー,アイススピナー,Ice spinner
カイリュー,カイリュー,じしん,Earthquake
カイリュー,カイリュー,ほのおのパンチ,Fire punch
カイリュー,カイリュー,けたぐり,Low kick
カイリュー,カイリュー,アイアンヘッド,Iron head
カイリュー,カイリュー,アイアンテール,Iron tail
カイリュー,カイリュー,特殊技,特殊技
カイリュー,カイリュー,りゅうせいぐん,Draco meteor
カイリュー,カイリュー,りゅうのはどう,Dragon pulse
カイリュー,カイリュー,ぼうふう,Hurricane
カイリュー,カイリュー,エアスラッシュ,Air slash
カイリュー,カイリュー,だいもんじ,Fire blast
カイリュー,カイリュー,ねっぷう,Heat wave
カイリュー,カイリュー,ほのおのうず,Fire spin
カイリュー,カイリュー,かみなり,Thunder
カイリュー,カイリュー,10まんボルト,10まんボルト
カイリュー,カイリュー,ハイドロポンプ,Hydro pump
カイリュー,カイリュー,なみのり,Surf
カイリュー,カイリュー,れいとうビーム,Ice beam
カイリュー,カイリュー,ふぶき,Blizzard
カイリュー,カイリュー,変化技,変化技
カイリュー,カイリュー,りゅうのまい,Dragon dance
カイリュー,カイリュー,でんじは,Thunder wave
カイリュー,カイリュー,はねやすめ,Roost
カイリュー,カイリュー,こうそくいどう,Agility
カイリュー,カイリュー,ドラゴンダイブ,Dragon rush
カイリュー,カイリュー,ワイドブレイカー,Breaking swipe
カイリュー,カイリュー,からげんき,Facade
カイリュー,カイリュー,まきつく,Wrap
カイリュー,カイリュー,たきのぼり,Waterfall
カイリュー,カイリュー,アクアテール,Aqua tail
カイリュー,カイリュー,じだんだ,Stomping tantrum
カイリュー,カイリュー,じならし,Bulldoze
カイリュー,カイリュー,ストーンエッジ,Stone edge
カイリュー,カイリュー,いわなだれ,Rock slide
カイリュー,カイリュー,がんせきふうじ,Rock tomb
カイリュー,カイリュー,ばかぢから,Superpower
カイリュー,カイリュー,ボディプレス,Body press
カイリュー,カイリュー,かみなりパンチ,Thunder punch
カイリュー,カイリュー,アクアジェット,Aqua jet
カイリュー,カイリュー,ひやみず,Chilling water
カイリュー,カイリュー,こごえるかぜ,Icy wind
カイリュー,カイリュー,きあいだま,Focus blast
カイリュー,カイリュー,ほえる,Roar
メガカイリュー,メガカイリュー,第一,第一
メガカイリュー,メガカイリュー,第五,第五
メガカイリュー,メガカイリュー,第九,第九
メガカイリュー,メガカイリュー,竜/飛,竜/飛
メガカイリュー,メガカイリュー,カイリュー,カイリュー
メガカイリュー,メガカイリュー,メガカイリュー,メガカイリュー
メガカイリュー,メガカイリュー,チルタリス,チルタリス
メガカイリュー,メガカイリュー,ばつぐん,ばつぐん
メガカイリュー,メガカイリュー,いまひとつ,いまひとつ
メガカイリュー,メガカイリュー,こうかなし,こうかなし
メガカイリュー,メガカイリュー,配分,配分
メガカイリュー,メガカイリュー,CS最速,CS最速
メガカイリュー,メガカイリュー,HC特殊,HC特殊
メガカイリュー,メガカイリュー,AS最速,AS最速
メガカイリュー,メガカイリュー,AS準速,AS準速
メガカイリュー,メガカイリュー,HS調整,HS調整
メガカイリュー,メガカイリュー,物理技,物理技
メガカイリュー,メガカイリュー,げきりん,Outrage
メガカイリュー,メガカイリュー,ドラゴンクロー,Dragon claw
メガカイリュー,メガカイリュー,スケイルショット,Scale shot
メガカイリュー,メガカイリュー,ドラゴンテール,Dragon tail
メガカイリュー,メガカイリュー,しんそく,Extreme speed
メガカイリュー,メガカイリュー,アイススピナー,Ice spinner
メガカイリュー,メガカイリュー,じしん,Earthquake
メガカイリュー,メガカイリュー,ほのおのパンチ,Fire punch
メガカイリュー,メガカイリュー,けたぐり,Low kick
メガカイリュー,メガカイリュー,アイアンヘッド,Iron head
メガカイリュー,メガカイリュー,アイアンテール,Iron tail
メガカイリュー,メガカイリュー,特殊技,特殊技
メガカイリュー,メガカイリュー,りゅうせいぐん,Draco meteor
メガカイリュー,メガカイリュー,りゅうのはどう,Dragon pulse
メガカイリュー,メガカイリュー,ぼうふう,Hurricane
メガカイリュー,メガカイリュー,エアスラッシュ,Air slash
メガカイリュー,メガカイリュー,だいもんじ,Fire blast
メガカイリュー,メガカイリュー,ねっぷう,Heat wave
メガカイリュー,メガカイリュー,ほのおのうず,Fire spin
メガカイリュー,メガカイリュー,かみなり,Thunder
メガカイリュー,メガカイリュー,10まんボルト,10まんボルト
メガカイリュー,メガカイリュー,ハイドロポンプ,Hydro pump
メガカイリュー,メガカイリュー,なみのり,Surf
メガカイリュー,メガカイリュー,れいとうビーム,Ice beam
メガカイリュー,メガカイリュー,ふぶき,Blizzard
メガカイリュー,メガカイリュー,変化技,変化技
メガカイリュー,メガカイリュー,りゅうのまい,Dragon dance
メガカイリュー,メガカイリュー,でんじは,Thunder wave
メガカイリュー,メガカイリュー,はねやすめ,Roost
メガカイリュー,メガカイリュー,こうそくいどう,Agility
メガカイリュー,メガカイリュー,ドラゴンダイブ,Dragon rush
メガカイリュー,メガカイリュー,ワイドブレイカー,Breaking swipe
メガカイリュー,メガカイリュー,からげんき,Facade
メガカイリュー,メガカイリュー,まきつく,Wrap
メガカイリュー,メガカイリュー,たきのぼり,Waterfall
メガカイリュー,メガカイリュー,アクアテール,Aqua tail
メガカイリュー,メガカイリュー,じだんだ,Stomping tantrum
メガカイリュー,メガカイリュー,じならし,Bulldoze
メガカイリュー,メガカイリュー,ストーンエッジ,Stone edge
メガカイリュー,メガカイリュー,いわなだれ,Rock slide
メガカイリュー,メガカイリュー,がんせきふうじ,Rock tomb
メガカイリュー,メガカイリュー,ばかぢから,Superpower
メガカイリュー,メガカイリュー,ボディプレス,Body press
メガカイリュー,メガカイリュー,かみなりパンチ,Thunder punch
メガカイリュー,メガカイリュー,アクアジェット,Aqua jet
メガカイリュー,メガカイリュー,ひやみず,Chilling water
メガカイリュー,メガカイリュー,こごえるかぜ,Icy wind
メガカイリュー,メガカイリュー,きあいだま,Focus blast
メガカイリュー,メガカイリュー,ほえる,Roar
